Unnamed: 0.1,Unnamed: 0,food,Caloric Value,Fat,Saturated Fats,Monounsaturated Fats,Polyunsaturated Fats,Carbohydrates,Sugars,Protein,Dietary Fiber,Cholesterol,Sodium,Water,Vitamin A,Vitamin B1,Vitamin B11,Vitamin B12,Vitamin B2,Vitamin B3,Vitamin B5,Vitamin B6,Vitamin C,Vitamin D,Vitamin E,Vitamin K,Calcium,Copper,Iron,Magnesium,Manganese,Phosphorus,Potassium,Selenium,Zinc,Nutrition Density
0,0,aloo gobi,285,9.3,2.4,3.8,2.1,32.8,4.2,16.0,5.9,37.4,432.3,77.5,12.11,0.18,1.12,0.05,0.5,3.94,0.5,0.51,17.39,0.0,0.85,217.1,56.2,0.16,2.94,68.0,0.29,171.0,217.1,20.3,1.88,114.3
1,1,aloo matar,292,10.3,2.5,3.7,2.0,32.2,4.2,16.3,4.2,40.4,462.9,76.5,7.48,0.19,1.04,0.05,0.43,3.61,0.49,0.47,12.01,0.0,1.06,249.09,46.4,0.13,3.03,51.9,0.26,178.7,249.1,15.6,1.77,103.5
2,2,aloo palak,299,10.2,2.5,4.1,2.1,33.2,3.8,15.9,5.8,38.7,431.8,76.5,14.05,0.24,1.17,0.05,0.5,3.74,0.62,0.49,13.11,0.0,1.0,257.96,46.9,0.17,3.63,54.6,0.27,224.9,258.0,14.8,1.57,116.9
3,3,aloo jeera,265,10.2,2.6,3.5,1.9,31.5,4.3,16.1,4.3,42.0,419.2,77.6,10.07,0.22,1.16,0.05,0.45,4.06,0.49,0.49,11.12,0.0,1.31,241.6,47.2,0.14,2.43,57.3,0.29,184.9,241.6,18.6,1.63,102.6
4,4,aloo methi,290,10.1,2.6,3.5,1.9,31.2,3.7,17.0,4.2,41.9,437.9,76.5,7.54,0.23,1.34,0.05,0.44,4.04,0.5,0.56,12.76,0.0,0.94,250.87,55.0,0.13,3.0,48.1,0.22,204.3,250.9,16.3,1.78,105.4
5,5,aloo baingan,299,10.2,2.5,3.5,1.9,30.8,3.9,16.2,3.8,38.4,423.0,76.4,8.99,0.19,1.29,0.05,0.54,3.41,0.51,0.53,8.97,0.0,0.95,215.56,53.9,0.14,2.77,53.0,0.21,173.7,215.6,17.4,1.82,97.5
6,6,baingan bharta,289,10.2,2.7,3.3,2.0,31.3,4.2,15.4,3.8,39.7,445.1,77.0,7.75,0.19,1.29,0.05,0.46,4.19,0.54,0.42,13.02,0.0,1.26,180.96,59.6,0.16,2.27,46.2,0.21,187.4,181.0,16.5,2.04,94.4
7,7,bhindi masala,300,13.5,4.0,4.0,2.7,32.1,5.0,15.5,6.7,29.1,596.7,74.4,13.75,0.21,1.47,0.05,0.4,3.88,0.54,0.54,13.8,0.0,1.55,243.34,44.5,0.19,3.7,54.2,0.28,223.2,243.3,18.0,1.85,118.4
8,8,bharwa bhindi,277,10.1,2.5,3.7,1.9,33.0,3.9,15.8,4.1,38.9,438.4,77.4,9.87,0.18,1.11,0.05,0.55,4.41,0.47,0.45,9.72,0.0,1.3,269.17,59.4,0.13,2.36,54.5,0.26,201.4,269.2,18.7,1.54,102.2
9,9,gobi masala,324,12.6,4.1,4.8,2.4,28.4,4.7,16.1,8.7,30.4,577.1,73.9,14.82,0.2,1.36,0.05,0.48,4.38,0.61,0.44,20.36,0.0,1.15,248.46,57.9,0.22,3.95,78.4,0.41,197.6,248.5,14.9,2.04,133.8
10,10,gobi matar,296,10.1,2.6,4.0,1.9,30.3,3.9,17.9,6.2,42.0,475.1,75.9,11.16,0.19,1.09,0.05,0.57,4.72,0.58,0.57,13.03,0.0,1.29,314.62,66.5,0.2,3.83,49.1,0.35,197.4,314.6,21.7,2.17,124.5
11,11,gobi manchurian,292,9.7,2.6,3.8,2.1,33.6,3.8,17.8,6.0,38.9,468.6,76.4,10.82,0.18,1.12,0.05,0.5,4.65,0.68,0.51,16.2,0.0,1.04,238.24,56.3,0.2,2.95,70.1,0.27,234.4,238.2,16.2,1.9,117.1
12,12,matar paneer,289,14.6,4.6,3.5,2.0,32.3,3.9,16.5,3.7,63.6,452.4,73.6,9.06,0.22,1.17,1.58,0.47,3.45,0.59,0.49,9.24,0.0,1.57,212.91,122.3,0.13,2.44,45.0,0.21,184.8,212.9,21.4,1.95,96.8
13,13,shahi paneer,296,15.2,4.4,3.5,1.9,31.0,4.0,16.2,4.1,59.7,446.4,73.0,7.92,0.2,1.31,1.57,0.53,3.52,0.49,0.51,11.72,0.0,1.32,223.67,145.7,0.15,2.42,42.6,0.2,191.7,223.7,20.5,1.6,99.5
14,14,kadai paneer,277,15.3,4.3,3.6,2.0,30.9,4.1,14.9,4.1,62.3,425.2,74.1,8.77,0.18,1.34,1.52,0.45,3.18,0.48,0.52,10.87,0.0,1.59,224.74,155.1,0.15,2.98,55.1,0.26,213.0,224.7,19.2,1.77,98.9
15,15,paneer tikka,359,22.8,7.0,5.8,2.4,8.2,2.1,35.1,1.0,116.2,470.4,58.1,3.41,0.1,0.82,2.23,0.97,6.52,0.94,1.03,4.68,0.0,1.54,224.84,173.1,0.09,1.85,46.6,0.16,344.6,224.8,37.8,3.41,110.3
16,16,paneer do pyaza,275,14.0,4.4,3.6,2.1,34.0,4.0,16.6,4.0,60.9,432.4,74.4,7.85,0.21,0.91,1.58,0.47,4.19,0.55,0.46,10.68,0.0,1.14,222.12,107.9,0.13,2.67,39.2,0.25,184.6,222.1,15.0,1.79,99.5
17,17,paneer bhurji,269,14.6,4.7,3.4,2.1,33.5,3.9,15.1,3.7,60.3,481.5,74.8,7.84,0.22,1.22,1.53,0.48,3.99,0.6,0.43,7.76,0.0,1.19,226.6,138.9,0.14,2.27,49.4,0.26,179.8,226.6,18.7,1.55,93.0
18,18,malai kofta,293,16.0,4.3,3.3,1.9,32.8,4.3,15.8,4.1,56.4,462.0,72.8,9.46,0.19,1.25,0.05,0.52,3.95,0.48,0.57,12.63,0.0,1.37,267.31,48.9,0.14,2.51,55.0,0.28,182.1,267.3,18.6,1.98,104.6
19,19,korma,319,12.9,4.1,4.3,2.4,31.3,5.0,15.0,6.9,31.0,541.8,74.4,15.73,0.23,1.13,0.05,0.51,3.41,0.52,0.49,16.22,0.0,1.03,250.2,43.6,0.16,3.92,57.7,0.39,207.4,250.2,13.6,1.98,123.1
20,20,navratan korma,292,13.4,4.0,4.1,2.6,30.6,5.0,15.6,6.6,28.8,575.0,74.6,12.2,0.21,1.31,0.05,0.47,3.73,0.58,0.47,18.2,0.0,1.18,239.42,43.5,0.16,3.1,61.4,0.37,181.6,239.4,17.4,1.91,118.9
21,21,vegetable korma,331,13.0,3.9,4.2,2.4,28.9,4.8,14.9,9.0,29.1,597.2,73.9,17.74,0.21,1.3,0.05,0.5,3.67,0.58,0.48,31.41,0.0,1.25,328.78,40.9,0.25,4.31,81.4,0.4,170.6,328.8,13.9,1.56,151.4
22,22,dal tadka,313,12.6,4.3,3.8,2.6,30.4,5.2,14.4,7.0,29.8,555.5,75.0,15.95,0.23,1.26,0.05,0.46,3.71,0.55,0.52,14.9,0.0,1.11,252.26,42.1,0.16,3.16,49.4,0.34,197.2,252.3,14.8,1.82,119.8
23,23,dal fry,319,12.9,4.1,4.2,2.6,30.5,5.1,15.9,6.9,30.2,571.6,74.0,16.03,0.22,1.12,0.05,0.43,3.64,0.59,0.51,15.42,0.0,1.08,268.98,56.0,0.22,3.62,62.2,0.28,173.5,269.0,16.5,1.68,125.0
24,24,dal palak,292,13.8,4.2,4.5,2.7,32.1,5.1,15.5,8.4,31.1,557.7,74.4,17.3,0.23,1.29,0.05,0.48,3.94,0.54,0.43,18.97,0.0,1.24,308.6,58.3,0.19,4.37,63.6,0.47,219.5,308.6,17.1,1.68,138.4
25,25,dal dhokli,302,13.9,3.9,4.0,2.7,30.7,5.0,14.8,6.7,29.4,580.1,74.3,14.05,0.22,1.18,0.05,0.46,4.14,0.51,0.5,13.56,0.0,1.58,314.74,44.5,0.16,3.57,61.6,0.28,225.7,314.7,16.6,1.54,122.8
26,26,toor dal,324,13.0,4.1,4.0,2.4,31.4,5.3,14.5,7.1,29.5,593.1,74.3,14.03,0.23,1.56,0.05,0.41,3.92,0.5,0.52,17.58,0.0,1.44,258.74,45.0,0.19,4.17,61.6,0.3,195.0,258.7,16.9,1.73,123.7
27,27,moong dal,308,12.7,3.8,4.1,2.5,28.9,5.2,14.0,7.2,30.9,584.4,75.2,13.66,0.21,1.56,0.05,0.49,3.52,0.43,0.45,18.74,0.0,1.45,239.91,46.9,0.19,3.64,68.0,0.34,198.4,239.9,16.0,1.92,121.4
28,28,masoor dal,303,13.4,4.1,4.2,2.6,31.5,4.9,14.6,7.2,31.1,589.2,74.7,11.62,0.18,1.45,0.05,0.5,4.17,0.55,0.46,14.28,0.0,1.37,265.12,48.1,0.2,4.14,51.4,0.39,182.3,265.1,14.3,1.74,120.4
29,29,chana dal,313,13.5,3.8,3.8,2.6,30.5,4.8,15.9,6.7,29.8,540.7,73.8,12.0,0.17,1.49,0.05,0.53,4.06,0.49,0.49,15.35,0.0,1.36,242.91,50.2,0.16,3.89,53.6,0.32,201.2,242.9,18.2,1.85,119.3
30,30,urad dal,331,12.6,4.3,4.1,2.4,30.3,5.1,15.5,6.6,30.4,559.7,73.9,15.27,0.19,1.48,0.05,0.48,3.62,0.56,0.51,17.89,0.0,1.37,277.64,57.9,0.19,3.9,63.7,0.3,194.8,277.6,19.0,1.57,125.8
31,31,panchmel dal,301,13.5,3.8,3.8,2.5,32.0,5.0,15.9,7.3,29.0,585.5,74.2,14.35,0.23,1.52,0.05,0.45,3.41,0.62,0.44,22.34,0.0,1.5,287.71,61.7,0.23,4.1,60.9,0.4,172.6,287.7,17.4,1.9,133.2
32,32,dal baati,317,13.2,4.2,4.2,2.4,28.9,4.7,15.8,7.1,31.7,538.2,73.9,11.56,0.21,1.59,0.05,0.45,3.74,0.49,0.56,15.82,0.0,1.29,269.68,59.6,0.16,3.62,67.2,0.38,228.1,269.7,19.4,1.62,122.1
33,33,dal bafla,306,12.3,4.0,3.9,2.7,28.0,4.9,14.9,7.4,31.5,528.6,75.2,15.74,0.19,1.66,0.05,0.43,3.57,0.47,0.42,21.57,0.0,1.21,291.04,52.6,0.2,3.23,71.5,0.32,172.1,291.0,14.0,1.88,130.6
34,34,khichdi,374,11.5,3.2,4.4,2.4,56.0,2.8,14.7,2.9,52.2,598.4,73.6,5.95,0.32,0.83,0.05,0.38,3.96,0.48,0.44,6.92,0.0,0.98,201.03,49.9,0.13,2.15,45.6,0.2,168.8,201.0,19.7,1.49,84.7
35,35,moong khichdi,405,12.6,3.0,4.5,2.7,49.7,3.0,13.8,3.1,54.9,655.6,72.1,6.0,0.24,1.09,0.05,0.37,3.25,0.51,0.45,8.01,0.0,1.51,224.86,46.7,0.13,1.96,44.8,0.24,196.6,224.9,17.5,1.52,86.3
36,36,vegetable khichdi,387,11.5,2.9,5.0,2.5,50.0,3.0,15.3,4.9,52.3,656.7,72.9,8.56,0.31,1.0,0.05,0.41,4.03,0.58,0.49,23.79,0.0,1.22,283.91,43.0,0.14,3.05,57.0,0.31,208.1,283.9,18.0,1.7,117.5
37,37,sabudana khichdi,394,11.5,3.1,4.3,2.4,55.6,2.9,14.5,3.0,57.4,650.0,73.0,8.51,0.33,1.09,0.05,0.46,3.1,0.58,0.51,7.66,0.0,1.04,174.43,45.3,0.12,1.89,47.9,0.21,184.5,174.4,17.5,1.47,84.9
38,38,lemon rice,403,11.5,3.0,4.4,2.5,54.6,3.1,14.1,2.8,51.6,590.3,72.8,7.12,0.31,0.93,0.05,0.45,3.53,0.49,0.42,20.54,0.0,1.01,207.04,44.1,0.13,2.13,43.1,0.16,181.9,207.0,13.1,1.59,95.9
39,39,curd rice,374,11.4,2.9,4.4,2.3,54.8,2.9,13.8,3.1,55.0,648.9,74.0,8.13,0.26,1.2,0.05,0.37,2.98,0.56,0.49,9.12,0.0,1.22,230.04,123.3,0.11,1.9,38.5,0.23,191.9,230.0,18.7,1.46,89.2
40,40,tamarind rice,409,11.6,3.0,4.5,2.5,51.6,2.9,13.7,2.9,55.1,586.5,72.8,6.89,0.32,0.97,0.05,0.45,3.79,0.54,0.41,6.83,0.0,1.05,219.51,52.3,0.13,1.94,44.6,0.2,199.3,219.5,15.6,1.87,84.6
41,41,coconut rice,394,17.3,5.1,4.7,2.5,50.4,2.8,13.9,2.9,72.6,581.5,69.2,6.98,0.27,1.01,0.05,0.37,3.85,0.43,0.5,9.91,0.0,1.61,212.45,47.1,0.13,2.36,47.1,0.2,216.4,212.4,15.0,1.66,88.2
42,42,tomato rice,371,11.3,2.8,4.8,2.4,54.6,3.0,13.4,2.9,54.5,614.7,74.4,6.98,0.27,0.98,0.05,0.39,3.31,0.46,0.45,21.02,0.0,1.25,228.49,39.1,0.13,2.01,43.8,0.21,204.9,228.5,14.6,1.68,96.5
43,43,jeera rice,370,11.7,3.2,4.6,2.5,53.7,3.2,13.6,2.9,57.2,647.2,74.0,7.49,0.32,1.13,0.05,0.44,3.48,0.51,0.43,7.9,0.0,1.14,227.92,41.9,0.15,2.16,36.2,0.17,161.8,227.9,13.4,1.79,87.4
44,44,peas pulao,408,12.6,2.8,4.4,2.6,50.3,2.9,13.3,3.1,57.1,646.8,72.2,6.36,0.28,1.01,0.05,0.44,3.13,0.48,0.41,10.01,0.0,1.23,242.55,43.1,0.14,2.21,46.9,0.2,210.2,242.6,15.4,1.53,89.7
45,45,kashmiri pulao,384,12.0,3.2,4.7,2.6,50.3,2.9,14.3,3.2,55.4,585.5,73.1,8.39,0.31,0.96,0.05,0.47,3.33,0.57,0.41,8.67,0.0,1.44,246.01,47.6,0.12,1.94,34.7,0.21,174.7,246.0,15.6,1.46,91.5
46,46,matar pulao,414,12.6,3.1,4.7,2.4,51.4,3.1,14.4,2.8,56.6,615.5,71.7,5.49,0.25,0.93,0.05,0.48,3.64,0.54,0.46,6.66,0.0,1.15,207.78,39.9,0.12,2.35,40.0,0.17,214.7,207.8,13.3,1.71,84.6
47,47,tahari,270,9.5,2.5,3.6,1.9,31.6,4.1,15.1,4.3,37.6,451.6,78.3,9.28,0.24,1.17,0.05,0.44,3.68,0.55,0.55,9.98,0.0,0.86,185.57,47.0,0.16,2.77,53.6,0.27,179.9,185.6,17.4,1.92,95.7
48,48,tehri,267,10.4,2.5,3.6,2.0,33.4,3.8,16.6,4.0,38.8,421.3,77.2,7.71,0.18,1.31,0.05,0.5,4.58,0.57,0.48,12.11,0.0,0.98,246.69,59.2,0.16,2.48,40.9,0.23,223.9,246.7,21.2,1.8,101.9
49,49,hyderabadi biryani,416,12.0,3.0,4.8,2.5,55.2,3.1,13.2,3.0,57.5,623.9,72.5,6.66,0.26,1.11,0.05,0.39,3.48,0.47,0.45,8.05,0.0,1.0,212.19,43.6,0.15,2.05,48.6,0.24,159.7,212.2,14.7,1.77,84.9
50,50,lucknowi biryani,400,12.8,2.8,4.6,2.6,49.5,2.8,14.5,2.9,54.1,625.8,71.9,7.3,0.29,1.22,0.05,0.43,3.9,0.53,0.47,8.04,0.0,1.34,182.7,41.5,0.14,2.19,39.5,0.21,179.0,182.7,16.3,1.97,85.4
51,51,kolkata biryani,378,12.7,3.0,4.3,2.6,52.6,3.2,13.9,2.8,56.4,650.0,72.9,6.31,0.28,0.85,0.05,0.43,3.91,0.55,0.48,9.98,0.0,1.33,202.96,48.0,0.1,1.95,34.4,0.22,161.9,203.0,15.3,1.82,85.6
52,52,ambur biryani,393,12.2,2.8,4.4,2.7,54.6,3.0,14.5,3.1,51.7,661.0,72.6,7.75,0.29,1.13,0.05,0.42,4.02,0.56,0.48,7.48,0.0,1.46,222.71,57.1,0.1,2.01,36.4,0.18,181.4,222.7,15.6,1.94,88.7
53,53,malabar biryani,412,12.6,2.9,4.6,2.5,50.2,2.9,14.1,3.0,52.4,658.3,71.8,6.12,0.29,1.13,0.05,0.45,3.89,0.51,0.5,6.57,0.0,1.03,212.43,49.6,0.13,2.38,39.9,0.22,189.4,212.4,14.9,1.92,85.5
54,54,thalaserry biryani,389,12.5,3.1,4.4,2.4,49.7,3.0,14.0,2.9,55.8,603.7,72.7,7.49,0.3,1.18,0.05,0.49,3.13,0.48,0.46,7.57,0.0,1.23,228.88,43.1,0.1,2.02,38.7,0.21,174.6,228.9,14.0,1.59,87.2
55,55,egg biryani,394,11.7,3.1,4.5,2.5,53.0,2.9,20.5,3.2,90.1,660.5,70.5,6.57,0.28,0.87,1.72,0.59,5.23,0.69,0.61,9.18,3.42,1.17,223.08,66.6,0.14,2.33,45.5,0.22,205.8,223.1,17.8,2.14,100.3
56,56,mutton biryani,404,11.6,3.2,4.6,2.4,56.5,3.0,22.9,2.9,95.5,642.1,69.2,6.14,0.31,1.03,1.8,0.56,4.57,0.69,0.67,8.27,0.0,1.25,204.29,61.3,0.13,2.16,57.4,0.22,226.2,204.3,26.4,2.33,100.5
57,57,fish biryani,401,11.7,3.1,4.4,2.6,56.6,3.0,22.9,3.1,92.4,578.9,69.3,7.19,0.35,1.17,1.8,0.71,5.24,0.77,0.69,7.36,2.59,1.26,205.02,56.6,0.14,2.11,57.6,0.18,206.1,205.0,20.1,2.44,101.1
58,58,prawn biryani,385,12.5,3.2,4.7,2.6,49.8,2.8,21.1,2.9,92.0,622.2,70.0,6.46,0.25,1.2,1.74,0.58,4.59,0.73,0.67,9.04,0.0,1.34,196.74,54.5,0.11,2.39,41.4,0.24,217.5,196.7,19.3,2.31,98.2
59,59,chicken pulao,380,11.7,3.2,4.7,2.4,50.2,3.1,21.6,3.2,94.0,659.5,70.5,8.35,0.26,0.97,1.76,0.66,4.67,0.68,0.59,8.95,0.0,1.06,235.89,74.2,0.14,2.19,50.5,0.22,215.2,235.9,22.6,2.31,104.2
60,60,mutton pulao,366,11.9,3.1,4.2,2.6,49.3,3.0,23.3,3.0,95.5,652.8,70.2,6.97,0.25,1.23,1.82,0.63,5.43,0.82,0.6,8.83,0.0,1.23,263.68,78.3,0.14,2.18,55.9,0.18,274.3,263.7,22.7,2.33,107.2
61,61,chicken curry,329,13.8,4.2,4.2,2.3,30.3,4.7,24.6,6.8,69.5,563.4,69.5,13.51,0.23,1.53,1.86,0.69,4.92,0.68,0.64,16.59,0.0,1.2,337.58,75.7,0.2,3.87,75.6,0.29,282.3,337.6,27.9,2.43,144.3
62,62,mutton curry,292,13.3,3.8,3.8,2.4,28.9,4.8,22.1,7.2,69.1,544.5,72.1,15.6,0.17,1.46,1.78,0.67,4.33,0.62,0.62,17.1,0.0,1.3,261.66,69.5,0.17,3.44,80.4,0.32,247.7,261.7,19.4,2.02,136.7
63,63,rogan josh,290,10.1,2.5,3.5,2.0,32.2,4.1,15.4,3.9,41.4,473.5,77.1,7.13,0.21,1.2,0.05,0.41,3.84,0.46,0.49,10.52,0.0,1.14,221.11,47.3,0.14,2.24,41.1,0.24,168.9,221.1,19.4,1.75,95.0
64,64,laal maas,281,9.9,2.3,3.5,2.1,33.0,3.9,16.7,4.1,40.4,421.4,77.0,8.47,0.18,1.35,0.05,0.56,3.49,0.64,0.44,10.6,0.0,1.21,264.98,63.6,0.15,2.6,58.7,0.23,222.3,265.0,17.5,1.97,103.8
65,65,nihari,286,10.1,2.6,3.4,1.9,32.2,4.0,16.5,3.8,37.2,419.9,76.8,7.85,0.22,1.13,0.05,0.5,4.36,0.52,0.49,9.29,0.0,1.3,196.1,44.8,0.15,2.5,52.5,0.27,170.2,196.1,15.3,1.6,95.2
66,66,haleem,284,10.3,2.3,3.6,2.0,30.8,3.8,16.8,3.8,40.0,436.7,76.6,9.44,0.22,1.02,0.05,0.52,4.24,0.54,0.49,8.42,0.0,1.19,214.72,49.3,0.11,2.87,54.4,0.27,209.1,214.7,18.4,2.14,98.4
67,67,butter chicken,297,15.4,4.7,3.4,2.0,30.4,3.9,24.9,4.0,99.6,437.4,69.4,9.5,0.22,1.3,1.87,0.71,6.24,0.78,0.64,9.38,0.0,1.25,258.22,81.5,0.16,2.47,59.7,0.21,241.8,258.2,25.9,2.71,116.1
68,68,chicken korma,296,13.5,4.1,4.0,2.5,31.6,4.9,24.5,6.5,69.0,596.2,70.9,11.09,0.24,1.31,1.86,0.64,5.57,0.69,0.8,16.78,0.0,1.45,341.53,69.9,0.17,3.43,67.5,0.33,223.2,341.5,24.3,2.66,140.6
69,69,chicken chettinad,296,9.8,2.5,3.5,1.9,30.4,3.9,25.5,4.0,74.1,428.1,73.1,8.27,0.19,1.27,1.89,0.72,5.84,0.83,0.68,12.65,0.0,1.29,284.36,70.7,0.12,3.1,48.2,0.26,251.5,284.4,25.8,2.59,122.7
70,70,chicken saag,263,9.3,2.6,4.2,2.0,33.2,4.0,26.2,5.8,77.2,419.1,74.2,19.86,0.2,1.32,1.92,0.77,5.92,0.8,0.75,11.08,0.0,1.08,310.18,73.2,0.15,3.97,52.3,0.34,269.2,310.2,30.2,2.24,142.2
71,71,chicken do pyaza,264,9.5,2.4,3.5,2.1,31.0,3.9,23.6,3.9,75.7,480.9,75.1,7.76,0.22,1.27,1.83,0.7,5.81,0.8,0.61,10.04,0.0,1.09,272.31,54.0,0.12,2.77,52.2,0.27,245.2,272.3,20.0,2.37,114.8
72,72,chicken vindaloo,290,12.5,4.2,4.2,2.5,28.1,4.7,24.4,7.4,65.6,523.4,71.8,17.06,0.18,1.65,1.85,0.71,5.79,0.81,0.69,14.4,0.0,1.08,360.75,77.9,0.18,4.47,66.6,0.4,224.0,360.8,26.7,2.41,150.5
73,73,chicken xacuti,299,9.4,2.5,3.7,2.0,33.2,4.3,23.7,4.2,70.1,435.7,74.0,10.85,0.21,1.07,1.83,0.76,5.15,0.78,0.72,8.83,0.0,1.11,224.31,73.0,0.12,2.55,59.3,0.26,258.0,224.3,20.2,2.01,112.8
74,74,mutton korma,302,12.7,3.9,3.8,2.4,29.8,5.0,22.7,6.5,63.7,528.1,71.9,13.62,0.19,1.26,1.79,0.61,4.92,0.63,0.75,19.7,0.0,1.51,275.66,56.8,0.17,3.26,60.6,0.33,210.0,275.7,22.4,2.28,136.3
75,75,mutton masala,292,12.5,3.9,4.1,2.5,28.7,4.7,22.4,7.4,63.5,569.4,72.5,16.43,0.18,1.3,1.78,0.7,5.57,0.81,0.59,16.72,0.0,1.48,307.72,59.9,0.23,4.52,64.2,0.39,238.7,307.7,20.5,2.18,144.5
76,76,keema matar,292,9.9,2.4,3.5,2.0,32.2,4.1,16.1,4.3,39.8,463.1,76.9,9.0,0.2,1.23,0.05,0.53,4.25,0.54,0.5,12.12,0.0,0.98,229.4,56.7,0.16,2.35,58.8,0.25,190.5,229.4,20.9,1.93,101.4
77,77,keema pav,282,10.4,2.5,3.7,2.0,32.6,3.8,16.6,4.1,39.2,459.3,76.7,7.32,0.24,1.21,0.05,0.48,4.29,0.64,0.5,8.3,0.0,1.02,234.83,53.6,0.15,2.71,47.7,0.23,216.8,234.8,18.3,1.78,98.6
78,78,fish curry,289,12.3,4.0,4.3,2.4,31.9,4.7,22.4,7.0,62.3,558.7,72.8,13.69,0.2,1.46,1.78,0.61,4.73,0.78,0.58,20.32,2.66,1.32,258.9,77.3,0.17,3.42,58.5,0.35,271.8,258.9,22.0,2.05,136.9
79,79,goan fish curry,316,12.9,3.7,4.1,2.4,30.4,4.9,23.7,6.7,67.3,584.2,71.0,11.06,0.18,1.54,1.83,0.61,4.98,0.73,0.64,19.81,2.21,1.34,311.87,70.3,0.19,3.57,76.8,0.35,271.0,311.9,22.0,2.44,140.3
80,80,malvani fish curry,292,12.3,3.8,3.9,2.4,30.8,5.0,22.7,6.6,63.9,535.4,72.5,14.02,0.22,1.41,1.8,0.75,5.18,0.72,0.6,15.08,1.91,1.02,306.15,52.6,0.15,4.04,78.7,0.33,240.7,306.1,22.4,2.53,137.8
81,81,kerala fish curry,310,12.2,3.7,4.1,2.4,29.1,5.0,21.9,7.0,67.2,580.8,72.3,14.1,0.17,1.15,1.77,0.68,5.43,0.67,0.71,13.34,2.93,1.26,271.6,53.7,0.21,4.07,61.9,0.41,232.5,271.6,25.4,2.19,133.5
82,82,meen moilee,417,13.5,3.4,5.2,2.5,47.0,4.1,18.3,2.9,47.5,690.4,69.3,6.06,0.23,0.97,0.05,0.5,4.35,0.58,0.59,7.42,0.0,1.19,249.15,67.7,0.13,1.98,52.1,0.22,244.3,249.1,22.6,1.76,94.9
83,83,fish amritsari,294,9.6,2.6,3.7,2.1,32.8,4.0,24.3,3.9,74.1,447.0,73.7,9.04,0.24,0.93,1.85,0.69,5.01,0.86,0.68,12.88,1.44,0.86,241.47,74.9,0.15,2.73,57.3,0.22,212.8,241.5,21.7,2.35,116.5
84,84,prawn masala,297,12.6,4.2,3.9,2.5,30.3,5.0,22.5,7.2,60.9,528.6,72.3,15.82,0.2,1.17,1.79,0.71,4.96,0.61,0.75,15.15,0.0,1.35,279.13,68.9,0.16,4.38,62.7,0.37,222.2,279.1,26.7,2.05,139.4
85,85,prawn curry,306,12.6,4.1,3.9,2.6,30.9,4.7,22.9,6.6,62.5,574.1,71.8,10.68,0.22,1.5,1.8,0.75,5.01,0.64,0.59,15.64,0.0,1.37,341.64,60.9,0.21,3.29,73.8,0.37,216.1,341.6,20.0,2.33,136.8
86,86,egg curry,289,13.3,4.0,4.1,2.5,28.5,4.9,23.6,7.4,61.2,528.7,71.6,15.96,0.2,1.32,1.83,0.76,4.96,0.66,0.64,14.4,2.3,1.35,300.69,74.7,0.2,4.38,75.1,0.33,249.5,300.7,26.2,2.21,143.1
87,87,anda bhurji,263,10.6,2.7,3.5,1.9,32.0,4.1,16.1,4.3,42.7,477.3,77.4,7.89,0.23,1.17,0.05,0.46,4.1,0.6,0.57,12.93,0.0,0.91,229.04,47.2,0.12,2.34,54.9,0.25,205.1,229.0,17.2,1.93,101.1
88,88,anda masala,292,13.1,4.1,3.9,2.4,30.0,4.8,15.6,7.0,29.5,570.5,74.9,15.83,0.21,1.13,0.05,0.5,4.08,0.6,0.43,13.86,0.0,1.25,300.34,53.5,0.17,3.92,68.7,0.29,212.5,300.3,15.2,2.04,126.8
89,89,chole bhature,311,13.5,4.1,3.8,2.4,31.2,4.8,15.8,7.3,28.0,584.1,73.8,13.04,0.18,1.5,0.05,0.49,3.36,0.54,0.47,17.98,0.0,1.35,230.9,46.6,0.16,3.82,69.7,0.32,202.4,230.9,20.2,1.67,123.2
90,90,puri bhaji,279,9.8,2.4,3.7,2.1,32.2,4.2,16.5,4.0,39.0,444.7,77.2,9.49,0.19,0.93,0.05,0.47,3.98,0.63,0.46,12.33,0.0,1.3,180.13,43.9,0.14,2.43,54.6,0.22,202.1,180.1,16.0,1.89,97.9
91,91,pav bhaji,272,10.2,2.5,3.5,2.0,33.2,3.8,16.9,4.1,38.6,418.9,77.0,8.72,0.2,1.06,0.05,0.55,4.5,0.65,0.44,12.0,0.0,1.27,247.76,45.3,0.14,2.46,49.1,0.2,231.8,247.8,15.5,2.12,103.8
92,92,misal pav,296,10.0,2.6,3.4,2.1,30.1,3.8,15.2,4.2,37.6,454.3,77.1,8.87,0.23,1.01,0.05,0.43,3.53,0.58,0.51,12.51,0.0,1.02,222.52,41.8,0.13,2.86,49.7,0.21,171.9,222.5,16.5,1.78,100.5
93,93,vada pav,266,12.5,2.4,4.4,2.8,25.7,3.1,7.3,3.1,18.7,450.2,79.5,6.74,0.16,0.94,0.05,0.25,2.33,0.35,0.26,10.94,0.0,1.01,153.01,34.0,0.14,1.91,35.7,0.23,132.8,153.0,12.3,1.39,72.4
94,94,dahi puri,266,10.5,2.5,3.6,2.0,32.4,3.9,16.7,3.7,37.6,475.4,77.2,8.16,0.19,1.28,0.05,0.55,3.8,0.49,0.51,8.52,0.0,1.16,201.16,51.2,0.11,2.66,40.9,0.2,182.2,201.2,21.2,1.61,95.5
95,95,pani puri,285,9.6,2.4,3.5,2.0,30.0,3.9,15.2,3.8,42.2,451.6,77.7,8.96,0.22,1.24,0.05,0.53,4.05,0.51,0.49,10.35,0.0,1.26,180.62,48.1,0.12,2.38,41.1,0.27,206.3,180.6,20.5,1.78,93.1
96,96,sev puri,290,10.7,2.7,3.3,2.0,31.0,4.2,16.9,3.8,42.8,432.3,76.1,9.54,0.22,1.04,0.05,0.55,4.47,0.52,0.54,11.82,0.0,1.23,264.61,43.7,0.15,2.88,48.5,0.24,184.0,264.6,21.4,1.88,105.4
97,97,bhel puri,273,10.0,2.4,3.4,1.9,32.1,3.7,16.9,3.8,37.9,463.7,77.2,9.94,0.23,1.03,0.05,0.43,4.15,0.65,0.57,12.24,0.0,1.26,192.33,51.1,0.16,2.48,40.1,0.22,179.6,192.3,21.9,2.05,99.5
98,98,ragda pattice,298,10.2,2.4,3.7,2.1,33.9,4.2,15.4,4.0,38.2,437.8,76.8,9.55,0.19,1.23,0.05,0.53,4.28,0.52,0.56,13.45,0.0,0.9,245.61,59.3,0.17,2.38,48.8,0.28,171.9,245.6,15.5,2.03,102.3
99,99,aloo tikki,267,10.5,2.4,3.6,2.0,33.7,4.0,15.5,3.9,37.6,434.7,77.5,7.22,0.18,1.06,0.05,0.5,4.32,0.6,0.49,9.86,0.0,1.15,250.91,50.5,0.16,2.65,50.2,0.2,169.1,250.9,16.0,1.69,98.2
100,100,papdi chaat,298,9.4,2.4,3.4,2.1,32.2,4.2,15.1,4.1,40.6,448.9,77.5,7.22,0.24,0.97,0.05,0.51,3.33,0.46,0.44,9.22,0.0,1.15,253.46,54.8,0.13,2.43,42.4,0.2,193.4,253.5,14.7,1.68,97.3
101,101,samosa chaat,297,17.5,4.1,4.6,2.9,25.2,2.9,6.8,2.8,21.0,418.5,75.1,6.52,0.18,1.09,0.05,0.22,2.25,0.29,0.3,7.68,0.0,1.52,153.87,33.1,0.11,1.82,28.5,0.22,163.6,153.9,9.8,1.19,67.7
102,102,kachori,320,18.2,4.0,4.7,3.1,26.7,3.0,7.4,3.0,21.1,428.6,73.6,5.89,0.21,1.13,0.05,0.26,2.6,0.36,0.3,9.09,0.0,1.35,225.35,30.2,0.15,2.32,40.3,0.17,156.9,225.4,10.6,1.4,76.8
103,103,dal kachori,366,18.8,5.3,4.2,2.6,28.2,4.9,14.8,6.8,29.1,556.7,68.7,15.64,0.21,1.41,0.05,0.45,3.57,0.51,0.42,17.77,0.0,1.8,262.79,58.0,0.19,3.13,55.8,0.34,196.7,262.8,16.0,1.73,122.6
104,104,pyaz kachori,305,16.8,3.9,4.3,3.0,27.7,2.8,7.4,2.9,19.3,444.8,75.1,8.15,0.21,0.84,0.05,0.29,2.19,0.31,0.28,9.27,0.0,1.27,198.41,29.7,0.15,1.98,40.2,0.18,154.0,198.4,9.5,1.11,75.6
105,105,mirchi bajji,293,10.3,2.6,3.7,2.1,32.1,3.8,15.6,4.0,38.0,472.1,76.8,10.14,0.18,0.98,0.05,0.52,4.19,0.5,0.48,13.07,0.0,1.21,231.62,57.8,0.14,2.7,40.3,0.2,186.7,231.6,15.2,1.99,102.3
106,106,pakora,304,17.6,3.8,4.7,3.1,27.7,2.9,6.9,2.9,20.2,458.0,74.8,7.84,0.2,1.1,0.05,0.23,2.18,0.28,0.3,9.4,0.0,1.25,219.83,35.8,0.13,1.68,31.4,0.22,147.4,219.8,11.1,1.16,75.3
107,107,onion pakora,295,17.6,3.9,4.5,3.1,28.2,3.0,6.6,3.0,20.5,450.7,75.2,6.75,0.2,1.09,0.05,0.23,1.93,0.27,0.3,9.22,0.0,1.78,210.19,36.0,0.14,1.9,30.4,0.23,173.5,210.2,11.5,1.2,74.1
108,108,paneer pakora,307,23.6,6.2,4.6,3.2,26.1,3.0,6.9,2.8,41.2,434.3,70.5,5.93,0.2,0.91,1.24,0.25,2.43,0.36,0.29,8.2,0.0,2.18,203.65,130.9,0.11,1.72,29.4,0.18,184.1,203.6,9.2,1.25,71.4
109,109,bread pakora,283,10.4,2.9,2.1,1.5,39.5,2.0,7.7,2.9,10.5,298.8,80.2,7.97,0.24,1.22,0.05,0.24,2.67,0.34,0.33,7.91,0.0,1.03,184.72,40.5,0.11,1.83,34.5,0.21,165.1,184.7,10.4,1.32,73.4
110,110,medu vada,260,13.0,2.5,4.3,3.1,25.1,2.9,7.3,2.9,20.7,429.4,79.4,7.59,0.16,1.08,0.05,0.27,2.24,0.38,0.27,6.38,0.0,1.12,167.32,27.8,0.11,2.18,30.8,0.21,155.2,167.3,11.6,1.15,70.4
111,111,dahi vada,237,12.8,2.5,4.3,3.1,26.2,2.9,7.2,3.0,19.5,453.4,80.3,8.59,0.18,1.21,0.05,0.25,2.09,0.38,0.32,8.27,0.0,1.13,154.17,29.4,0.14,2.1,31.2,0.2,155.6,154.2,12.4,1.12,72.0
112,112,vada sambar,251,12.2,2.7,4.6,3.1,25.2,3.1,6.9,2.9,20.1,428.5,80.3,6.04,0.19,1.09,0.05,0.24,2.35,0.34,0.25,8.94,0.0,1.05,164.48,28.5,0.14,1.78,29.8,0.17,132.7,164.5,9.5,1.19,69.7
113,113,uttapam,268,10.3,2.4,3.3,2.0,30.7,4.2,15.6,3.7,41.0,475.6,77.6,9.44,0.21,0.94,0.05,0.41,3.83,0.58,0.43,8.94,0.0,1.0,244.56,47.1,0.13,2.19,40.1,0.19,182.1,244.6,16.2,1.92,97.3
114,114,rava dosa,226,6.2,1.4,2.1,1.5,36.2,2.0,7.9,3.1,10.5,282.9,84.9,8.09,0.2,1.0,0.05,0.32,2.26,0.34,0.33,10.02,0.0,0.92,197.71,30.3,0.14,1.79,43.1,0.18,136.5,197.7,12.7,1.32,76.9
115,115,set dosa,229,5.9,1.5,1.9,1.5,39.8,2.1,7.6,3.2,9.5,296.3,85.2,6.06,0.22,0.98,0.05,0.29,2.49,0.37,0.3,9.28,0.0,1.02,180.48,32.9,0.13,2.23,31.0,0.22,127.0,180.5,11.8,1.19,74.3
116,116,paper dosa,251,6.0,1.6,1.9,1.5,36.2,2.1,8.4,3.2,9.4,299.6,84.0,6.6,0.26,0.86,0.05,0.27,2.62,0.35,0.29,8.76,0.0,0.97,186.79,42.0,0.12,1.87,37.5,0.22,125.5,186.8,12.0,1.09,75.2
117,117,podi dosa,226,6.1,1.5,1.9,1.5,36.4,2.0,8.5,2.9,9.4,288.4,84.8,6.87,0.23,1.09,0.05,0.29,2.65,0.39,0.28,9.57,0.0,0.77,164.45,41.9,0.15,1.92,36.8,0.22,123.7,164.5,10.1,1.38,73.9
118,118,onion dosa,247,5.7,1.5,1.9,1.6,37.4,2.0,8.3,3.1,9.5,296.4,84.5,8.49,0.25,1.08,0.05,0.31,2.46,0.37,0.35,7.19,0.0,0.84,167.44,30.0,0.15,2.3,36.9,0.21,159.1,167.4,12.0,1.37,74.7
119,119,masala idli,294,12.8,4.1,4.2,2.5,29.5,5.3,15.9,7.3,29.0,596.3,74.9,17.04,0.2,1.18,0.05,0.46,4.09,0.59,0.47,19.78,0.0,1.45,301.84,60.8,0.2,3.4,67.2,0.32,191.5,301.8,21.1,1.89,132.5
120,120,rava idli,255,6.0,1.5,2.0,1.4,37.2,2.0,8.1,3.1,9.9,310.4,84.1,8.21,0.21,1.19,0.05,0.31,2.47,0.3,0.27,9.5,0.0,0.76,210.84,31.3,0.12,1.92,41.8,0.22,131.8,210.8,9.3,1.38,78.3
121,121,appe,264,10.5,2.6,3.7,2.1,32.3,3.9,16.6,4.2,38.8,460.4,77.2,10.63,0.2,1.34,0.05,0.57,3.77,0.57,0.44,9.78,0.0,1.19,232.54,61.2,0.16,3.0,53.2,0.26,216.2,232.5,19.1,2.02,103.3
122,122,pongal,298,9.7,2.4,3.6,1.9,30.5,4.0,15.7,4.0,40.3,426.7,77.0,9.03,0.19,1.04,0.05,0.5,3.43,0.49,0.47,8.31,0.0,1.27,197.78,54.8,0.14,2.64,44.7,0.27,183.2,197.8,15.4,1.57,94.9
123,123,ven pongal,280,9.9,2.5,3.3,1.9,30.7,3.9,15.7,3.8,41.4,451.9,77.5,10.23,0.22,1.32,0.05,0.4,4.02,0.53,0.55,11.05,0.0,1.15,201.38,55.1,0.13,2.85,55.1,0.22,196.2,201.4,20.4,1.97,98.4
124,124,upma,275,10.4,2.5,3.3,2.1,30.6,4.0,17.0,3.8,42.6,452.4,76.7,6.81,0.18,1.18,0.05,0.55,4.51,0.56,0.46,10.59,0.0,1.22,207.67,60.0,0.15,2.9,52.4,0.2,200.4,207.7,15.5,1.64,98.0
125,125,poha,292,10.1,2.5,3.4,1.9,31.5,4.1,15.8,3.7,41.0,452.2,76.9,8.81,0.21,1.21,0.05,0.49,4.09,0.48,0.56,8.2,0.0,1.23,221.76,43.1,0.15,2.45,44.4,0.25,193.7,221.8,15.1,1.75,95.5
126,126,sabudana vada,260,13.1,2.7,4.3,3.1,28.6,3.1,7.2,2.9,21.3,433.2,79.3,7.16,0.17,0.83,0.05,0.27,2.33,0.37,0.26,9.54,0.0,1.49,164.57,33.2,0.13,2.02,30.7,0.18,164.5,164.6,9.4,1.31,72.2
127,127,paratha,252,6.3,1.6,2.1,1.5,38.3,1.9,7.5,2.8,10.3,299.5,84.2,6.35,0.21,1.09,0.05,0.24,2.44,0.38,0.27,8.03,0.0,0.92,167.11,36.2,0.13,1.9,32.6,0.19,117.2,167.1,9.8,1.31,70.3
128,128,aloo paratha,238,6.3,1.4,2.1,1.6,37.8,2.0,7.8,3.0,9.5,304.5,84.6,8.11,0.26,0.89,0.05,0.28,2.23,0.38,0.26,6.81,0.0,0.71,193.26,28.9,0.13,1.99,37.6,0.24,141.4,193.3,13.5,1.23,74.2
129,129,gobi paratha,249,5.9,1.4,2.6,1.5,36.9,2.0,9.0,4.9,10.0,306.8,84.0,11.82,0.25,1.25,0.05,0.27,2.63,0.37,0.29,15.72,0.0,0.91,214.88,41.6,0.15,2.63,41.6,0.27,126.7,214.9,10.0,1.21,96.4
130,130,methi paratha,254,5.9,1.5,2.0,1.4,40.6,2.0,8.2,3.0,10.5,314.1,84.1,6.44,0.25,0.9,0.05,0.3,2.38,0.37,0.34,8.69,0.0,0.81,190.76,36.7,0.12,2.29,36.4,0.2,145.5,190.8,9.9,1.15,75.6
131,131,paneer paratha,226,11.2,3.4,1.9,1.5,39.2,1.9,7.7,3.1,30.9,299.2,81.5,7.26,0.22,0.91,1.27,0.3,2.04,0.3,0.3,7.38,0.0,1.23,196.63,118.7,0.1,1.94,32.1,0.25,153.1,196.6,9.0,1.32,74.3
132,132,lachha paratha,245,5.8,1.4,2.0,1.6,40.0,1.9,8.4,3.0,10.4,313.5,84.4,6.26,0.25,0.95,0.05,0.31,2.39,0.35,0.32,7.52,0.0,0.81,189.65,32.4,0.14,2.08,35.7,0.18,124.7,189.7,12.2,1.11,74.3
133,133,missi roti,250,6.0,1.4,2.0,1.4,38.6,2.1,8.4,3.1,10.2,300.9,84.1,6.92,0.2,1.06,0.05,0.27,2.75,0.39,0.3,9.25,0.0,0.94,176.24,39.8,0.11,1.87,37.0,0.19,158.0,176.2,13.5,1.26,75.0
134,134,makki di roti,230,6.2,1.6,2.0,1.4,35.4,2.0,8.2,2.9,9.8,285.5,84.7,7.39,0.21,1.18,0.05,0.28,2.38,0.33,0.32,9.5,0.0,0.84,204.57,36.2,0.12,2.06,32.6,0.19,135.0,204.6,12.7,1.41,77.2
135,135,bajra roti,245,6.2,1.5,2.1,1.4,36.5,2.0,7.8,3.0,10.3,308.7,84.3,6.17,0.26,0.84,0.05,0.24,2.15,0.39,0.29,6.76,0.0,0.78,197.43,29.0,0.12,2.35,38.0,0.21,148.2,197.4,13.3,1.37,73.9
136,136,jowar roti,245,5.9,1.4,2.0,1.6,36.9,1.9,8.1,3.0,9.6,286.1,84.4,5.79,0.21,0.83,0.05,0.25,2.83,0.38,0.29,8.16,0.0,0.89,178.78,39.7,0.1,1.8,33.4,0.23,158.1,178.8,13.6,1.18,72.3
137,137,rumali roti,244,5.7,1.6,2.0,1.4,37.5,1.9,7.5,2.9,10.6,312.7,84.9,8.22,0.26,1.16,0.05,0.27,2.49,0.39,0.29,9.55,0.0,0.93,197.51,34.5,0.12,2.06,28.9,0.17,118.9,197.5,13.2,1.29,76.1
138,138,tandoori roti,231,5.8,1.6,2.0,1.4,39.8,1.9,7.5,3.1,10.4,282.2,85.2,8.47,0.24,0.98,0.05,0.3,2.19,0.38,0.3,10.56,0.0,0.85,164.2,38.4,0.14,1.88,32.1,0.19,141.8,164.2,9.3,1.38,74.6
139,139,kulcha,287,10.2,2.5,3.6,2.0,29.9,4.0,16.3,4.0,42.7,475.0,76.8,10.09,0.2,1.34,0.05,0.55,3.67,0.51,0.52,8.39,0.0,1.25,242.26,53.4,0.14,2.52,51.6,0.21,226.4,242.3,17.7,1.94,100.1
140,140,amritsari kulcha,261,9.6,2.5,3.4,2.0,30.9,4.0,15.4,4.0,40.6,441.6,78.4,8.77,0.19,1.21,0.05,0.45,4.18,0.5,0.44,8.78,0.0,1.11,263.4,42.7,0.13,2.38,46.0,0.23,171.3,263.4,14.9,1.94,99.2
141,141,chole kulche,296,13.0,4.3,4.2,2.5,30.9,5.2,14.6,7.1,30.3,552.0,75.2,15.07,0.18,1.54,0.05,0.44,3.77,0.51,0.44,16.32,0.0,1.31,284.64,44.4,0.15,3.22,71.1,0.41,176.0,284.6,17.7,1.55,123.4
142,142,peshawari naan,249,5.9,1.5,2.0,1.5,40.1,2.0,7.8,3.1,9.5,286.0,84.5,8.08,0.23,1.1,0.05,0.28,2.65,0.3,0.26,7.54,0.0,0.79,197.14,32.2,0.13,1.92,35.7,0.24,132.6,197.1,13.3,1.21,75.0
143,143,garlic naan,229,5.6,1.5,2.0,1.6,39.1,1.9,7.6,2.8,9.4,315.9,85.4,6.95,0.2,0.98,0.05,0.29,2.08,0.32,0.26,8.87,0.0,0.96,198.44,31.7,0.11,2.06,30.1,0.23,117.6,198.4,12.7,1.17,74.6
144,144,cheese naan,239,11.7,3.5,1.9,1.5,40.5,2.1,7.6,3.0,30.6,305.7,80.8,7.35,0.24,1.1,1.27,0.26,2.27,0.35,0.32,8.44,1.59,1.09,222.1,92.2,0.14,2.27,34.0,0.2,127.3,222.1,13.1,1.23,77.7
145,145,bhatura,261,9.9,2.4,3.4,1.9,31.4,4.0,16.1,3.9,38.1,464.9,77.9,8.32,0.2,1.01,0.05,0.47,3.6,0.6,0.57,12.31,0.0,1.17,235.43,57.4,0.16,2.52,54.3,0.21,184.2,235.4,18.8,1.7,100.8
146,146,appam,244,5.7,1.4,1.9,1.5,36.3,1.9,7.7,3.1,10.3,288.8,84.7,6.24,0.22,0.98,0.05,0.26,2.61,0.39,0.29,10.08,0.0,0.79,217.22,41.9,0.1,2.25,30.4,0.21,125.2,217.2,12.6,1.36,78.0
147,147,neer dosa,227,6.2,1.4,2.1,1.5,39.3,1.9,8.0,3.1,10.0,320.2,84.9,7.21,0.25,0.97,0.05,0.26,2.53,0.3,0.34,8.94,0.0,0.79,178.49,31.6,0.15,2.32,32.8,0.18,145.8,178.5,9.9,1.17,75.4
148,148,uttapam vegetable,265,10.4,2.3,3.7,2.1,31.9,4.1,16.7,5.7,38.1,424.3,77.2,12.16,0.23,1.5,0.05,0.52,3.48,0.59,0.55,28.0,0.0,0.96,274.5,63.7,0.18,3.44,63.6,0.29,182.5,274.5,17.3,1.66,128.9
149,149,puttu,253,6.0,1.5,1.9,1.5,36.3,1.9,7.8,3.1,9.7,313.9,84.2,8.47,0.23,0.87,0.05,0.25,2.26,0.32,0.28,6.61,0.0,0.91,203.54,31.2,0.1,2.3,40.8,0.19,148.2,203.5,11.4,1.21,76.3
150,150,idiyappam,241,6.0,1.5,2.0,1.5,38.7,1.9,8.0,2.8,10.5,284.5,84.6,7.81,0.21,1.02,0.05,0.25,2.5,0.39,0.31,8.31,0.0,0.93,215.9,34.1,0.13,1.73,41.6,0.18,139.8,215.9,9.5,1.38,76.0
151,151,kottu roti,366,13.1,3.7,4.9,2.5,49.4,4.2,17.4,2.8,47.0,700.2,71.7,7.98,0.32,0.86,0.05,0.55,4.17,0.53,0.54,7.15,0.0,1.35,218.92,60.3,0.12,1.96,45.3,0.19,208.1,218.9,21.8,1.73,91.9
152,152,avial,267,9.9,2.4,3.3,2.1,31.7,3.9,15.6,4.3,39.0,441.9,77.9,10.25,0.2,1.25,0.05,0.48,3.88,0.49,0.53,13.84,0.0,0.98,273.15,50.1,0.14,2.87,58.3,0.26,194.3,273.1,16.1,1.68,107.7
153,153,sambar,269,10.5,2.3,3.7,2.1,31.0,4.0,16.1,4.2,38.1,420.9,77.2,8.67,0.18,1.08,0.05,0.5,3.59,0.6,0.44,10.76,0.0,1.32,265.81,56.9,0.16,2.42,55.5,0.27,202.3,265.8,18.6,1.72,103.1
154,154,rasam,289,10.1,2.4,3.3,2.1,31.3,4.2,15.8,4.2,42.1,432.8,77.0,9.71,0.21,0.91,0.05,0.51,3.71,0.51,0.43,11.48,0.0,0.95,227.76,45.9,0.12,2.85,46.6,0.24,200.7,227.8,15.7,1.69,101.9
155,155,poriyal,276,9.5,2.4,3.5,1.9,31.5,3.8,16.0,4.2,37.9,427.0,77.8,9.28,0.21,1.2,0.05,0.44,4.02,0.59,0.46,8.75,0.0,1.19,235.28,60.8,0.12,2.79,47.1,0.23,184.5,235.3,14.4,1.71,100.0
156,156,thoran,299,10.2,2.7,3.5,1.9,30.0,4.2,15.3,3.9,41.4,472.2,76.8,7.33,0.17,1.31,0.05,0.52,4.17,0.58,0.41,11.68,0.0,0.94,219.88,41.0,0.12,2.59,41.4,0.24,178.4,219.9,18.8,1.58,97.1
157,157,kootu,288,9.3,2.5,3.6,1.9,30.5,3.9,16.6,4.1,37.5,459.7,77.2,7.16,0.2,1.02,0.05,0.55,4.19,0.63,0.44,12.96,0.0,1.12,198.08,50.8,0.17,2.32,45.1,0.28,200.4,198.1,18.3,1.84,98.3
158,158,olan,297,9.3,2.4,3.5,2.0,31.5,3.8,15.7,3.9,40.7,433.4,77.3,10.32,0.21,1.25,0.05,0.49,4.25,0.6,0.54,8.12,0.0,1.08,231.8,44.2,0.16,2.68,39.3,0.23,219.2,231.8,18.4,1.65,98.3
159,159,erissery,270,9.5,2.7,3.7,2.0,32.2,3.8,15.2,4.0,41.7,472.8,78.3,8.16,0.22,1.13,0.05,0.41,4.29,0.61,0.43,13.2,0.0,1.25,246.45,51.5,0.17,2.29,43.8,0.28,203.1,246.5,19.8,1.72,100.4
160,160,theeyal,277,9.9,2.7,3.7,2.1,31.0,4.2,15.1,3.8,41.5,457.1,77.8,7.71,0.21,0.99,0.05,0.42,3.93,0.51,0.5,10.29,0.0,1.1,178.07,54.5,0.13,2.78,46.1,0.2,173.0,178.1,18.9,1.5,92.7
161,161,mor kuzhambu,271,9.9,2.6,3.7,2.1,30.1,4.2,17.1,4.2,39.9,439.0,77.2,8.99,0.19,1.09,0.05,0.44,4.36,0.56,0.5,11.88,0.0,1.2,187.8,54.7,0.16,2.93,50.1,0.24,222.1,187.8,22.4,1.91,100.8
162,162,kadhi,276,10.3,2.5,3.5,2.0,30.0,3.9,15.8,3.9,41.8,447.6,77.3,8.35,0.21,0.91,0.05,0.48,3.43,0.6,0.49,11.73,0.0,0.95,229.58,60.6,0.15,2.28,45.4,0.23,176.5,229.6,19.1,1.64,98.6
163,163,gujarati kadhi,278,9.7,2.6,3.7,2.1,33.0,3.8,15.1,4.0,39.2,451.5,77.9,8.35,0.23,1.12,0.05,0.52,3.59,0.51,0.52,12.95,0.0,1.11,245.59,43.2,0.16,2.32,51.0,0.23,179.3,245.6,16.7,1.83,100.1
164,164,dhokla,265,9.5,2.4,3.6,1.9,31.8,4.2,16.1,3.7,42.1,433.5,78.1,8.63,0.21,1.06,0.05,0.42,4.01,0.51,0.51,10.8,0.0,1.09,248.85,42.8,0.12,2.62,37.9,0.26,205.4,248.9,16.4,2.06,100.4
165,165,khandvi,262,9.9,2.4,3.6,2.0,32.9,4.1,16.6,3.8,39.7,455.0,77.7,9.96,0.19,1.02,0.05,0.48,3.85,0.49,0.5,10.67,0.0,1.0,187.34,57.4,0.12,2.57,47.9,0.25,206.3,187.3,20.0,1.94,97.6
166,166,handvo,299,10.0,2.6,3.7,2.1,31.0,4.1,15.6,4.0,42.8,440.8,76.8,7.52,0.21,1.13,0.05,0.49,3.8,0.49,0.51,11.96,0.0,1.31,215.75,41.4,0.15,2.3,54.2,0.27,222.5,215.8,16.3,1.82,97.1
167,167,undhiyu,285,9.3,2.4,3.4,2.1,31.1,4.0,15.6,3.7,41.0,440.0,77.7,9.08,0.21,0.89,0.05,0.42,3.62,0.51,0.52,12.31,0.0,1.18,210.72,50.8,0.14,2.79,46.8,0.22,208.6,210.7,19.2,1.97,98.5
168,168,thepla,272,10.3,2.4,3.5,1.9,32.8,4.2,16.9,3.9,42.6,436.2,77.0,7.04,0.24,1.17,0.05,0.55,4.12,0.55,0.54,12.56,0.0,1.23,264.7,49.8,0.11,2.53,48.0,0.21,198.9,264.7,16.4,1.77,103.6
169,169,fafda,265,10.4,2.6,3.7,2.0,29.9,4.0,16.0,3.8,42.4,464.6,77.5,8.59,0.22,0.95,0.05,0.53,4.25,0.62,0.53,8.51,0.0,1.22,184.4,56.4,0.14,2.16,55.0,0.25,202.4,184.4,17.6,1.57,92.4
170,170,jalebi,251,9.2,4.9,2.5,0.8,40.1,32.2,4.8,1.0,19.5,119.0,83.3,3.09,0.22,0.8,0.05,0.17,1.93,0.27,0.2,3.82,0.0,0.98,143.69,32.0,0.09,1.16,19.6,0.14,121.0,143.7,7.5,1.03,49.5
171,171,rasgulla,287,9.4,2.3,3.5,1.9,32.4,4.1,16.8,4.1,40.7,438.2,77.1,10.13,0.22,1.21,0.05,0.5,4.59,0.61,0.51,9.01,0.0,1.2,202.38,52.8,0.14,2.8,53.1,0.24,183.4,202.4,21.1,1.94,99.4
172,172,ras malai,296,14.8,4.6,3.6,2.1,33.7,4.0,14.9,4.0,58.8,447.6,73.8,7.62,0.23,1.17,0.05,0.4,3.25,0.57,0.52,9.83,0.0,1.47,211.35,50.5,0.13,2.5,49.2,0.24,227.6,211.3,15.9,1.91,94.5
173,173,sandesh,284,10.4,2.5,3.6,2.0,30.8,4.1,15.1,4.2,40.4,449.2,77.2,9.55,0.2,1.16,0.05,0.5,3.35,0.6,0.41,9.11,0.0,1.27,262.98,47.7,0.14,2.79,40.3,0.28,213.3,263.0,18.0,1.49,101.4
174,174,mishti doi,266,9.5,2.5,3.4,2.0,30.6,4.1,15.6,4.0,42.3,437.7,78.2,10.44,0.2,1.34,0.05,0.45,3.34,0.46,0.56,10.37,0.0,0.91,256.24,48.5,0.14,2.25,51.5,0.27,184.4,256.2,20.0,1.65,101.4
175,175,jalebi rabri,257,8.9,4.9,2.5,0.8,38.2,33.8,5.0,1.0,19.7,127.1,83.2,4.12,0.21,1.05,0.05,0.21,1.69,0.24,0.19,4.56,0.0,1.03,153.33,35.8,0.08,1.31,23.0,0.13,138.7,153.3,8.7,0.95,52.3
176,176,gajar halwa,250,9.1,5.0,2.4,0.8,38.6,33.4,5.2,1.0,20.0,118.5,83.2,3.7,0.22,1.04,0.05,0.22,2.06,0.25,0.23,4.51,0.0,0.89,123.49,36.4,0.11,1.37,23.7,0.11,144.7,123.5,9.1,1.14,50.2
177,177,moong dal halwa,330,12.2,4.1,4.2,2.4,28.1,12.7,15.6,7.0,30.1,557.6,74.2,15.14,0.19,1.61,0.05,0.51,3.56,0.46,0.55,19.49,0.0,1.35,290.38,42.2,0.18,3.27,51.1,0.41,216.3,290.4,16.0,1.57,128.0
178,178,besan ladoo,250,9.4,4.8,2.4,0.8,39.9,23.3,4.7,1.0,20.3,114.1,83.2,3.55,0.26,0.79,0.05,0.21,1.84,0.29,0.24,3.78,0.0,0.89,143.13,34.6,0.08,1.25,28.2,0.15,117.2,143.1,9.3,0.94,49.8
179,179,motichoor ladoo,258,8.8,5.1,2.6,0.8,36.2,24.6,4.9,1.0,20.7,120.5,83.3,3.58,0.24,0.87,0.05,0.18,2.08,0.23,0.25,4.17,0.0,1.1,173.15,31.9,0.08,1.44,25.4,0.16,124.2,173.1,10.2,0.99,53.5
180,180,barfi,271,9.4,2.6,3.4,2.1,33.1,4.1,16.2,3.8,39.1,462.0,77.9,7.42,0.22,1.18,0.05,0.53,3.34,0.49,0.44,10.14,0.0,0.95,261.2,46.0,0.11,2.23,55.4,0.25,215.8,261.2,19.0,1.95,99.5
181,181,kaju katli,265,10.5,2.4,3.6,2.1,32.3,4.3,16.9,4.1,38.6,447.9,77.1,10.55,0.22,1.32,0.05,0.47,3.95,0.64,0.56,10.07,0.0,0.98,222.33,59.7,0.14,2.53,40.4,0.29,188.0,222.3,18.4,2.12,101.7
182,182,soan papdi,284,9.5,2.5,3.3,2.1,30.7,4.1,16.9,4.1,37.8,423.1,77.1,9.26,0.19,1.11,0.05,0.56,3.62,0.6,0.59,11.98,0.0,0.97,259.4,62.6,0.15,2.68,57.8,0.24,196.8,259.4,20.6,2.05,105.6
183,183,kulfi,251,8.4,5.3,2.6,0.8,38.4,26.5,4.9,1.0,19.7,122.2,83.8,4.43,0.2,0.89,0.05,0.23,1.65,0.27,0.24,4.57,0.0,0.87,123.64,28.4,0.08,1.36,27.9,0.14,120.8,123.6,9.4,1.12,50.4
184,184,falooda,266,9.6,2.6,3.5,2.0,30.0,4.0,15.6,4.0,41.9,446.8,78.2,10.58,0.17,0.92,0.05,0.51,3.28,0.48,0.53,11.75,0.0,1.06,237.23,58.8,0.12,2.66,55.6,0.2,171.9,237.2,17.3,2.01,102.0
185,185,shrikhand,262,10.3,2.4,3.3,1.9,31.1,4.2,15.9,3.8,40.5,470.0,77.7,7.15,0.2,1.24,0.05,0.44,4.22,0.54,0.54,12.9,0.0,1.2,228.69,61.7,0.14,2.26,53.1,0.26,211.5,228.7,16.6,1.61,98.4
186,186,payasam,237,8.9,5.1,2.5,0.8,40.3,23.4,4.7,1.0,20.3,124.7,84.0,3.05,0.24,0.71,0.05,0.18,1.62,0.28,0.24,4.13,0.0,1.16,154.87,31.7,0.08,1.34,24.2,0.13,142.7,154.9,7.2,0.93,51.2
187,187,phirni,280,10.6,2.5,3.6,2.0,29.8,3.9,15.1,4.0,37.7,441.3,77.2,9.75,0.2,1.0,0.05,0.5,3.9,0.49,0.43,12.44,0.0,1.22,216.77,49.8,0.12,2.72,38.6,0.25,179.7,216.8,16.0,1.92,99.7
188,188,rabri,290,9.4,2.6,3.7,1.9,33.3,4.0,15.1,4.2,41.2,455.8,77.7,8.54,0.19,1.22,0.05,0.43,4.04,0.5,0.42,12.63,0.0,1.22,222.19,44.7,0.14,2.64,55.7,0.21,213.9,222.2,16.3,1.57,99.8
189,189,rice kheer,402,12.2,3.2,4.3,2.4,54.4,10.3,13.3,3.1,54.7,591.5,72.7,6.89,0.33,1.1,0.05,0.45,3.53,0.5,0.39,11.02,0.0,1.41,221.93,53.2,0.13,2.57,42.9,0.24,172.0,221.9,17.1,1.51,90.1
190,190,seviyan kheer,244,9.1,5.3,2.5,0.8,38.4,30.7,5.3,0.9,19.9,124.5,83.4,2.92,0.24,0.87,0.05,0.23,2.15,0.28,0.22,4.18,0.0,0.84,136.0,36.2,0.08,1.18,25.4,0.11,129.4,136.0,10.0,1.19,49.9
191,191,malpua,290,9.3,2.5,3.6,2.1,31.6,4.2,15.7,4.0,40.7,472.7,77.5,7.26,0.23,1.04,0.05,0.41,3.74,0.51,0.56,10.98,0.0,1.18,257.68,42.8,0.16,2.77,39.0,0.28,203.0,257.7,14.8,1.73,100.8
192,192,peda,285,9.8,2.4,3.5,1.9,32.9,3.8,17.1,3.9,37.8,448.6,76.8,10.05,0.22,1.31,0.05,0.46,4.37,0.53,0.5,9.26,0.0,1.17,239.46,44.7,0.13,2.57,48.4,0.2,214.8,239.5,18.9,1.78,101.5
193,193,modak,285,10.4,2.7,3.7,2.1,30.1,4.2,15.9,3.8,42.2,436.7,76.9,9.93,0.18,1.0,0.05,0.51,3.86,0.61,0.5,10.94,0.0,1.03,181.19,52.7,0.12,2.4,45.5,0.25,184.0,181.2,20.4,1.67,95.4
194,194,mysore pak,298,10.2,2.5,3.4,2.0,31.2,4.1,16.4,4.2,39.7,437.7,76.4,7.78,0.22,0.99,0.05,0.46,3.94,0.64,0.55,8.68,0.0,1.05,245.94,45.8,0.17,2.85,44.9,0.29,219.3,245.9,19.4,1.66,100.6
195,195,poori halwa,241,8.4,4.9,2.4,0.8,36.3,33.3,4.7,1.0,19.6,117.9,84.2,3.71,0.2,0.81,0.05,0.22,1.79,0.27,0.19,4.06,0.0,0.93,172.98,32.1,0.11,1.19,25.6,0.13,117.0,173.0,10.4,1.05,52.4
196,196,ladoo,238,9.1,5.3,2.5,0.8,39.2,26.4,4.7,1.0,19.5,118.3,83.8,4.22,0.23,0.74,0.05,0.17,1.93,0.28,0.2,5.13,0.0,0.95,136.86,29.9,0.09,1.34,19.9,0.14,115.0,136.9,9.2,1.17,51.4
197,197,paniyaram,296,9.8,2.4,3.7,2.0,31.4,3.9,15.7,4.3,42.1,424.0,77.0,10.1,0.2,1.37,0.05,0.51,3.58,0.59,0.56,10.95,0.0,1.26,188.55,53.1,0.12,2.45,48.4,0.29,221.9,188.6,20.8,1.93,97.6
198,198,murukku,264,9.9,2.6,3.5,2.0,32.9,4.1,15.2,3.8,39.3,453.4,78.2,6.94,0.23,1.25,0.05,0.43,3.8,0.52,0.41,7.82,0.0,0.99,235.68,57.1,0.14,2.63,53.5,0.23,190.4,235.7,15.4,1.56,94.5
199,199,thatte idli,233,6.4,1.4,2.1,1.5,38.3,2.1,8.1,3.0,10.3,284.0,84.5,7.12,0.24,1.18,0.05,0.25,2.14,0.33,0.34,7.01,0.0,0.77,191.16,35.1,0.15,1.96,33.4,0.21,160.2,191.2,12.7,1.15,73.8
200,200,bisi bele bath,264,10.4,2.5,3.7,2.1,32.8,3.9,16.4,4.1,37.7,455.0,77.4,10.14,0.18,1.14,0.05,0.47,3.94,0.53,0.57,8.84,0.0,0.97,231.36,46.2,0.16,2.74,55.1,0.25,201.1,231.4,20.0,1.63,100.8
201,201,puliyodarai,278,9.4,2.6,3.7,2.0,31.2,3.9,16.7,4.2,40.5,466.6,77.4,8.59,0.22,0.92,0.05,0.54,3.67,0.63,0.46,9.74,0.0,0.9,187.38,44.4,0.15,2.92,41.1,0.27,214.4,187.4,15.5,2.03,98.1
202,202,keerai masiyal,281,9.4,2.4,3.4,1.9,32.8,4.1,16.6,4.2,38.4,475.3,77.4,8.04,0.2,0.95,0.05,0.55,4.52,0.64,0.49,9.4,0.0,1.06,201.18,47.8,0.15,2.37,51.0,0.2,181.7,201.2,16.7,2.09,97.1
203,203,paruppu usili,281,10.7,2.4,3.4,2.0,32.9,3.9,16.2,4.0,42.6,429.9,76.7,8.23,0.2,0.99,0.05,0.45,3.46,0.64,0.45,8.64,0.0,0.97,232.78,56.7,0.14,2.24,44.5,0.2,185.6,232.8,16.6,2.1,97.1
204,204,kuzhambu,278,10.1,2.4,3.7,1.9,30.1,4.2,15.9,4.1,38.2,481.4,77.3,8.94,0.18,1.1,0.05,0.5,3.39,0.49,0.48,11.52,0.0,0.93,191.64,61.8,0.12,3.01,45.1,0.25,224.6,191.6,20.2,1.94,98.7
205,205,avial rice,378,12.4,3.0,4.4,2.6,54.1,3.0,14.0,3.0,54.3,618.7,73.2,6.54,0.32,0.88,0.05,0.4,3.51,0.52,0.4,6.95,0.0,1.02,169.96,51.3,0.15,2.14,44.3,0.18,195.3,170.0,13.4,1.8,82.1
206,206,lemon sevai,290,10.4,2.4,3.6,2.0,30.9,3.9,16.8,4.0,42.5,420.5,76.3,8.6,0.23,1.07,0.05,0.47,3.88,0.56,0.45,21.45,0.0,1.29,241.91,58.0,0.14,2.34,52.8,0.24,178.0,241.9,19.6,1.98,109.9
207,207,curd sevai,283,10.0,2.6,3.5,2.0,32.0,4.3,16.3,3.9,42.7,438.7,77.1,7.03,0.18,1.26,0.05,0.46,4.21,0.48,0.57,9.78,0.0,0.92,259.65,125.0,0.13,2.7,42.8,0.25,203.0,259.7,14.9,1.73,100.3
208,208,thalipeeth,274,9.3,2.4,3.5,2.1,32.3,4.2,15.5,4.1,40.5,480.6,78.2,8.55,0.2,1.16,0.05,0.51,3.33,0.57,0.46,11.06,0.0,1.17,255.55,53.3,0.13,2.57,47.9,0.28,208.0,255.6,17.6,1.67,101.3
209,209,sabudana thalipeeth,262,10.7,2.5,3.4,2.1,30.2,4.2,15.1,3.9,37.6,469.0,77.7,8.56,0.18,1.24,0.05,0.48,3.5,0.58,0.47,10.81,0.0,1.0,252.54,52.7,0.14,2.75,40.7,0.19,203.7,252.5,17.6,1.61,99.9
210,210,bharli vangi,298,10.3,2.5,3.7,2.0,32.5,4.2,15.9,4.0,40.7,451.4,76.5,8.38,0.19,0.97,0.05,0.5,3.62,0.54,0.47,12.68,0.0,0.93,189.69,49.9,0.16,2.72,43.2,0.25,190.3,189.7,15.5,1.67,97.9
211,211,usal pav,293,9.9,2.5,3.5,2.0,29.9,3.8,15.2,3.9,41.7,460.0,77.2,7.46,0.22,1.31,0.05,0.46,3.2,0.59,0.42,11.04,0.0,1.26,188.31,48.5,0.13,2.65,38.9,0.28,203.9,188.3,14.5,1.89,93.8
212,212,misal,297,10.0,2.6,3.7,2.1,30.9,4.2,15.4,3.8,41.7,439.2,76.9,8.73,0.2,1.21,0.05,0.43,3.69,0.48,0.44,12.76,0.0,1.08,235.03,52.6,0.14,2.42,54.6,0.22,188.1,235.0,20.5,1.98,99.5
213,213,sol kadhi,297,9.8,2.6,3.7,1.9,34.1,4.1,16.8,4.1,42.5,462.0,76.5,9.99,0.2,1.15,0.05,0.47,4.57,0.55,0.57,8.92,0.0,1.25,256.49,51.1,0.16,2.57,58.2,0.22,175.6,256.5,16.5,1.71,102.9
214,214,dhansak,295,10.6,2.5,3.7,2.1,31.6,3.7,16.8,4.2,42.5,448.2,76.0,8.79,0.23,1.23,0.05,0.56,4.41,0.63,0.55,11.23,0.0,1.07,240.82,60.4,0.16,2.65,40.0,0.2,210.7,240.8,20.6,1.67,103.1
215,215,patra,276,10.2,2.4,3.3,1.9,32.1,4.3,16.7,4.1,41.9,461.7,77.0,10.11,0.2,1.12,0.05,0.53,3.73,0.6,0.57,12.79,0.0,0.98,266.74,46.7,0.16,3.03,56.7,0.22,227.8,266.7,19.5,1.94,108.2
216,216,khakhra,296,10.7,2.4,3.6,1.9,31.6,4.0,15.5,3.8,39.3,478.2,76.5,7.12,0.22,1.07,0.05,0.53,3.73,0.56,0.43,11.39,0.0,1.0,262.12,56.7,0.12,2.5,39.4,0.27,199.9,262.1,15.9,1.88,99.5
217,217,thepla methi,277,9.9,2.4,3.4,1.9,32.5,4.2,15.7,4.1,39.8,419.2,77.6,7.66,0.2,1.22,0.05,0.5,4.07,0.58,0.53,9.68,0.0,0.92,234.13,48.0,0.13,2.95,57.6,0.29,221.2,234.1,19.3,1.55,99.0
218,218,sev tameta,270,10.2,2.4,3.4,2.0,34.1,4.0,16.2,3.9,40.0,477.1,77.4,9.87,0.19,1.03,0.05,0.49,3.49,0.49,0.44,8.55,0.0,1.28,200.97,57.6,0.16,2.39,54.4,0.25,212.9,201.0,16.6,2.05,95.8
219,219,ringan bateta,273,10.7,2.6,3.3,2.1,32.7,4.2,15.0,3.8,38.5,420.8,77.4,7.65,0.22,1.08,0.05,0.52,4.17,0.45,0.45,11.45,0.0,1.13,189.47,56.9,0.16,2.22,38.5,0.27,173.0,189.5,17.1,1.63,92.8
220,220,dal dhokli gujarati,327,13.2,4.0,4.3,2.5,30.3,4.9,14.1,7.3,30.7,590.4,74.2,11.63,0.21,1.48,0.05,0.42,3.64,0.57,0.5,14.87,0.0,1.07,296.38,51.3,0.19,4.2,65.0,0.28,217.9,296.4,19.2,1.6,122.8
221,221,khaman,289,10.3,2.7,3.5,1.9,30.0,4.1,15.6,3.8,37.6,478.5,76.9,7.98,0.19,0.96,0.05,0.54,4.23,0.47,0.54,8.52,0.0,1.24,202.11,56.4,0.14,2.22,46.1,0.23,212.1,202.1,18.8,1.59,92.6
222,222,locho,286,10.5,2.5,3.5,2.1,31.9,4.0,15.8,4.1,41.7,457.2,76.8,8.81,0.2,0.92,0.05,0.45,3.81,0.5,0.52,9.2,0.0,1.13,192.56,52.2,0.13,2.6,56.3,0.24,175.2,192.6,20.5,1.99,95.7
223,223,surti locho,281,9.7,2.3,3.3,1.9,30.2,4.0,15.1,4.1,40.4,434.5,77.8,8.08,0.18,1.13,0.05,0.4,3.9,0.48,0.43,10.41,0.0,0.9,265.59,46.1,0.15,2.57,50.8,0.26,176.6,265.6,19.6,1.59,100.4
224,224,muthiya,268,10.3,2.5,3.7,1.9,32.2,3.7,15.1,3.8,39.9,462.1,77.8,9.74,0.24,1.15,0.05,0.46,3.86,0.6,0.46,11.3,0.0,1.21,250.42,46.3,0.12,2.15,39.0,0.19,218.6,250.4,15.1,1.84,99.3
225,225,fafda jalebi,255,8.9,5.1,2.6,0.8,36.9,32.8,5.0,0.9,19.1,114.2,83.3,3.88,0.26,0.86,0.05,0.23,1.95,0.25,0.23,4.73,0.0,0.85,149.95,31.5,0.1,1.43,26.9,0.15,131.4,149.9,8.2,1.04,52.2
226,226,poha jalebi,250,9.1,5.1,2.6,0.8,37.9,34.0,5.0,1.0,19.5,112.7,83.3,4.26,0.23,0.87,0.05,0.21,2.15,0.26,0.24,3.18,0.0,0.96,168.1,28.2,0.08,1.16,27.9,0.13,132.3,168.1,9.6,0.94,52.3
227,227,rajasthani gatte,272,10.3,2.7,3.7,2.0,33.1,4.2,16.7,4.2,40.7,436.3,77.1,10.04,0.22,0.97,0.05,0.45,4.13,0.5,0.5,14.0,0.0,1.03,264.92,43.7,0.12,2.99,46.5,0.21,220.4,264.9,14.9,1.62,108.9
228,228,gatte ki sabzi,277,10.2,2.4,3.4,1.9,31.3,3.9,15.0,4.2,38.7,428.0,77.6,9.86,0.21,1.21,0.05,0.48,4.17,0.51,0.47,13.19,0.0,0.94,237.51,52.2,0.16,3.0,54.3,0.2,167.7,237.5,19.5,1.96,103.2
229,229,ker sangri,267,9.7,2.5,3.5,2.1,30.2,4.1,15.6,3.8,42.0,446.2,78.1,8.17,0.22,0.99,0.05,0.51,3.63,0.54,0.43,9.69,0.0,1.19,212.0,54.6,0.12,2.71,45.0,0.21,210.7,212.0,16.9,1.77,95.9
230,230,papad ki sabzi,294,10.4,2.5,3.3,1.9,29.8,4.2,17.0,3.8,39.0,480.4,76.1,7.28,0.17,1.22,0.05,0.53,4.23,0.64,0.46,10.97,0.0,1.22,243.33,54.4,0.13,2.47,50.9,0.24,190.9,243.3,21.6,1.61,100.3
231,231,panchkuta,271,10.0,2.6,3.6,2.0,30.7,4.0,16.6,4.1,41.1,474.4,77.3,9.95,0.2,0.99,0.05,0.47,3.44,0.54,0.55,12.31,0.0,0.94,183.99,48.7,0.12,2.69,49.2,0.27,179.6,184.0,20.5,1.92,99.8
232,232,bajre ki khichdi,376,12.5,3.1,4.8,2.4,49.7,2.9,14.2,2.9,51.5,633.1,73.0,5.95,0.26,1.13,0.05,0.43,4.08,0.55,0.52,8.74,0.0,1.44,215.29,49.1,0.13,2.09,37.6,0.23,202.7,215.3,17.8,1.71,86.7
233,233,kadhi pakora,289,17.6,4.0,4.7,2.9,25.5,3.1,7.3,2.8,18.8,453.4,75.1,6.74,0.18,0.97,0.05,0.27,2.38,0.33,0.27,7.24,0.0,1.55,157.82,33.8,0.14,1.97,41.6,0.22,142.1,157.8,11.8,1.08,69.1
234,234,amritsari fish,288,10.5,2.4,3.4,2.0,33.1,4.2,23.6,4.3,76.1,444.2,73.6,7.83,0.22,0.93,1.82,0.6,5.04,0.85,0.65,11.28,3.21,0.97,206.86,55.0,0.17,3.21,48.8,0.28,241.6,206.9,22.4,2.61,112.8
235,235,sarson ka saag,277,10.1,2.5,4.2,2.1,31.9,4.1,17.3,6.2,40.0,447.5,76.8,20.16,0.2,1.49,0.05,0.48,4.47,0.61,0.52,13.59,0.0,1.06,274.14,64.5,0.2,3.65,63.4,0.36,216.4,274.1,21.0,2.03,127.2
236,236,rajma chawal,313,12.3,4.0,3.8,2.5,30.3,4.7,15.1,6.7,29.9,591.1,74.9,11.35,0.23,1.16,0.05,0.39,4.05,0.49,0.51,19.97,0.0,1.21,261.6,52.4,0.17,3.04,69.4,0.27,191.8,261.6,19.6,1.66,120.8
237,237,kadhi chawal,270,9.5,2.4,3.3,1.9,30.9,3.8,15.6,3.9,38.1,457.2,78.1,8.1,0.17,0.92,0.05,0.45,3.6,0.53,0.46,10.02,0.0,1.21,187.99,45.1,0.15,2.64,47.1,0.26,185.7,188.0,14.4,1.77,94.4
238,238,chole chawal,306,13.0,3.9,3.9,2.6,29.0,5.3,15.4,6.8,30.2,582.4,74.6,12.42,0.19,1.12,0.05,0.48,3.43,0.61,0.47,20.94,0.0,1.42,249.31,49.2,0.21,3.5,48.9,0.33,217.7,249.3,20.6,1.51,123.1
239,239,dal chawal,329,13.0,4.1,4.2,2.5,29.4,5.1,15.2,7.0,28.1,578.8,73.9,14.27,0.19,1.3,0.05,0.41,3.33,0.54,0.45,16.83,0.0,1.33,248.44,46.7,0.2,3.46,56.3,0.38,194.2,248.4,20.5,1.68,121.7
240,240,curd chawal,278,10.1,2.3,3.6,2.0,29.8,4.0,16.9,4.1,39.5,474.9,76.9,9.69,0.21,1.14,0.05,0.55,4.22,0.5,0.45,12.84,0.0,1.18,245.47,125.9,0.16,2.92,46.2,0.21,217.9,245.5,14.9,1.86,106.0
241,241,mango lassi,297,9.9,2.4,3.3,1.9,33.9,3.9,15.1,4.1,38.9,463.7,77.1,7.96,0.22,1.06,0.05,0.43,4.17,0.56,0.44,17.76,0.0,1.24,239.6,57.6,0.14,2.59,48.4,0.26,194.1,239.6,17.5,1.53,104.1
242,242,salted lassi,265,9.4,2.4,3.5,1.9,32.1,4.2,15.3,4.1,42.8,462.2,78.5,9.09,0.19,1.16,0.05,0.46,4.25,0.56,0.55,8.55,0.0,1.25,258.87,60.6,0.13,2.76,47.1,0.23,205.5,258.9,15.3,1.65,100.1
243,243,chaas,277,9.9,2.3,3.4,1.9,32.3,3.7,16.5,4.3,39.6,423.2,77.2,8.33,0.19,1.06,0.05,0.51,3.49,0.56,0.56,11.92,0.0,1.15,256.93,47.8,0.12,2.49,46.4,0.2,189.1,256.9,21.5,2.01,104.0
244,244,masala chai,315,13.5,4.1,4.0,2.4,28.2,4.7,14.6,7.3,28.2,530.8,74.2,16.91,0.19,1.28,0.05,0.46,3.16,0.54,0.47,16.29,0.0,1.25,314.57,54.2,0.17,3.85,67.4,0.29,187.8,314.6,19.2,1.78,129.9
245,245,filter coffee,274,10.6,2.6,3.5,2.0,30.6,3.8,16.2,3.8,41.6,430.7,77.0,8.63,0.21,0.99,0.05,0.47,4.18,0.55,0.47,11.79,0.0,0.94,189.03,51.1,0.16,2.71,43.2,0.27,214.9,189.0,16.6,1.75,97.0
246,246,dal bhat,304,12.1,4.0,4.1,2.3,30.0,5.2,15.8,6.9,28.7,536.5,75.1,16.02,0.22,1.27,0.05,0.5,4.06,0.62,0.51,15.78,0.0,1.26,245.14,53.9,0.18,3.25,61.1,0.38,171.4,245.1,14.1,1.65,122.2
247,247,dal bhat tarkari,298,13.2,3.9,4.1,2.7,29.3,5.2,14.4,6.7,32.1,549.2,75.0,11.09,0.17,1.13,0.05,0.41,3.26,0.52,0.5,12.91,0.0,1.05,217.67,42.4,0.21,3.73,56.1,0.34,174.2,217.7,18.8,1.92,111.8
248,248,dal bhat masu,289,13.3,3.9,4.2,2.4,31.8,4.9,14.5,7.3,30.7,594.6,75.3,17.17,0.24,1.6,0.05,0.49,3.13,0.46,0.52,20.73,0.0,1.14,245.5,46.4,0.2,4.25,56.6,0.29,200.1,245.5,16.8,1.86,128.7
249,249,dal bhat chicken,303,12.2,4.2,4.2,2.6,32.0,5.3,22.1,6.6,64.7,572.8,72.6,10.9,0.21,1.46,1.77,0.66,4.99,0.7,0.64,15.03,0.0,1.17,230.33,69.7,0.18,3.4,63.0,0.39,242.7,230.3,20.1,2.04,126.3
250,250,dal bhat buff,326,12.8,3.9,4.2,2.5,31.8,4.9,23.2,6.6,61.2,555.6,70.9,12.5,0.21,1.31,0.05,0.68,5.05,0.72,0.66,19.14,0.0,1.18,287.34,57.8,0.16,3.87,63.0,0.28,269.7,287.3,24.9,2.52,138.6
251,251,dal bhat mutton,329,12.3,3.8,3.7,2.4,28.7,4.9,22.4,7.3,66.7,542.3,71.5,15.61,0.22,1.66,1.78,0.69,5.39,0.8,0.56,16.27,0.0,1.4,327.25,62.2,0.18,4.01,73.8,0.35,239.6,327.2,19.7,2.2,143.3
252,252,veg thali nepali,269,10.3,2.5,3.5,2.1,33.2,4.1,15.9,4.2,39.0,430.3,77.4,10.06,0.23,1.0,0.05,0.47,3.93,0.53,0.51,9.09,0.0,1.32,252.04,58.3,0.16,2.53,47.0,0.26,190.5,252.0,18.0,1.72,101.4
253,253,newari khaja set,261,10.4,2.6,3.3,2.1,31.2,4.1,16.2,4.1,42.1,480.3,77.5,7.85,0.2,1.14,0.05,0.44,3.46,0.57,0.5,13.09,0.0,0.94,267.32,53.6,0.11,2.78,48.1,0.21,172.6,267.3,16.4,1.69,104.9
254,254,samay baji,286,9.4,2.3,3.5,1.9,33.6,4.0,15.2,3.8,40.2,448.6,77.8,6.98,0.24,1.26,0.05,0.41,3.41,0.52,0.51,10.19,0.0,1.11,180.42,52.2,0.14,2.64,42.0,0.19,169.8,180.4,16.5,1.93,91.9
255,255,newari bhoj,281,10.6,2.6,3.5,2.0,33.1,3.9,16.9,4.0,41.1,463.3,76.5,8.05,0.22,1.26,0.05,0.45,3.73,0.64,0.56,10.52,0.0,1.32,236.81,55.2,0.13,2.96,43.3,0.27,188.5,236.8,16.9,2.11,101.8
256,256,chatamari,288,10.3,2.4,3.5,2.1,32.2,4.3,15.1,3.8,41.5,439.0,77.2,8.26,0.19,1.1,0.05,0.45,3.23,0.56,0.51,9.7,0.0,1.23,216.79,48.0,0.11,2.21,53.6,0.22,205.2,216.8,14.1,1.78,94.1
257,257,buff chatamari,270,10.6,2.4,3.7,2.1,30.5,3.7,22.7,3.9,75.4,443.1,74.5,7.15,0.22,1.19,0.05,0.58,4.86,0.66,0.57,11.47,0.0,1.01,217.2,74.1,0.16,2.84,57.1,0.27,229.4,217.2,19.0,1.95,109.5
258,258,chicken chatamari,291,10.4,2.7,3.4,1.9,30.2,4.0,25.6,3.9,71.8,460.6,72.8,7.68,0.22,1.24,1.9,0.79,5.06,0.71,0.72,8.52,0.0,1.04,227.78,62.4,0.12,2.84,64.7,0.2,232.7,227.8,22.2,2.42,113.6
259,259,veg chatamari,273,9.8,2.5,3.3,2.1,32.7,3.9,15.0,3.8,38.9,456.2,78.0,10.18,0.19,1.12,0.05,0.52,4.1,0.47,0.54,10.98,0.0,1.3,203.26,53.6,0.16,2.67,43.1,0.25,211.7,203.3,19.4,1.74,96.9
260,260,bara,274,10.2,2.5,3.4,2.0,30.8,4.0,17.1,3.9,40.7,475.0,76.9,7.89,0.22,1.22,0.05,0.53,3.54,0.56,0.5,8.65,0.0,0.98,236.33,63.4,0.14,2.92,52.5,0.22,189.4,236.3,20.6,1.91,100.0
261,261,buff bara,299,10.2,2.4,3.3,2.1,31.2,3.9,24.1,4.2,76.7,434.1,73.2,9.88,0.22,1.19,0.05,0.66,5.06,0.74,0.6,13.39,0.0,0.92,286.57,71.9,0.12,2.63,46.4,0.26,269.6,286.6,21.7,2.09,121.9
262,262,egg bara,289,9.7,2.6,3.4,1.9,30.9,3.9,23.8,4.1,72.6,467.7,74.0,7.43,0.23,1.08,1.83,0.61,5.2,0.75,0.74,12.39,3.31,1.21,262.87,64.4,0.16,3.04,63.6,0.25,217.2,262.9,21.7,2.34,117.3
263,263,wo bara,278,9.8,2.5,3.3,1.9,31.9,3.8,15.3,3.7,40.0,464.2,77.7,8.31,0.23,1.29,0.05,0.53,3.61,0.53,0.5,10.65,0.0,1.05,253.67,59.1,0.13,2.54,40.3,0.22,177.4,253.7,18.8,1.78,98.9
264,264,yomari,280,10.3,2.6,3.6,2.1,33.1,3.9,15.0,4.2,40.7,461.1,77.5,9.82,0.22,1.03,0.05,0.45,3.89,0.49,0.49,13.71,0.0,1.27,226.74,55.3,0.15,2.96,45.9,0.25,213.2,226.7,14.9,1.71,102.4
265,265,yomari chaku,293,9.7,2.4,3.7,2.0,31.5,3.9,15.8,4.2,41.3,424.1,77.2,9.66,0.22,1.07,0.05,0.42,4.13,0.62,0.48,10.18,0.0,1.29,197.44,41.3,0.12,2.83,49.2,0.26,207.7,197.4,16.8,1.92,98.3
266,266,yomari khuwa,268,9.6,2.7,3.5,2.1,30.6,3.8,15.3,4.1,38.7,475.3,78.3,8.72,0.21,1.19,0.05,0.51,3.38,0.5,0.46,9.88,0.0,1.01,232.62,50.1,0.15,2.32,39.5,0.27,162.6,232.6,20.6,1.56,97.8
267,267,sel roti,241,5.6,1.5,2.1,1.6,40.3,2.0,7.8,3.0,9.8,316.4,84.9,8.46,0.26,1.22,0.05,0.29,2.32,0.3,0.28,7.81,0.0,0.7,172.42,38.5,0.14,2.27,30.9,0.21,153.4,172.4,12.2,1.37,74.2
268,268,sel roti tarkari,236,6.1,1.5,2.0,1.5,36.3,2.1,8.5,3.1,9.3,294.1,84.5,5.99,0.25,0.98,0.05,0.29,2.61,0.35,0.32,7.03,0.0,0.84,169.8,43.4,0.15,2.33,43.5,0.23,134.4,169.8,10.1,1.3,73.3
269,269,chiura tarkari,283,10.5,2.5,3.3,2.1,31.1,4.1,16.1,4.2,38.1,446.6,76.8,7.75,0.21,1.02,0.05,0.44,4.2,0.58,0.44,10.9,0.0,1.23,264.25,61.2,0.17,2.89,43.5,0.22,196.2,264.2,15.2,1.63,103.4
270,270,chiura dahi,281,10.3,2.4,3.6,2.1,33.9,4.1,16.2,4.1,39.3,463.7,76.9,9.78,0.21,1.19,0.05,0.49,4.34,0.61,0.46,8.87,0.0,0.93,266.93,57.5,0.17,2.83,41.0,0.23,219.0,266.9,18.5,1.56,103.2
271,271,bhatmas sadheko,263,10.0,2.6,3.7,1.9,31.4,4.1,16.7,4.0,40.6,432.5,77.5,8.45,0.21,1.1,0.05,0.44,4.53,0.62,0.52,10.59,0.0,1.15,191.56,56.9,0.16,2.78,50.3,0.22,229.5,191.6,22.0,1.98,97.9
272,272,aloo achar,110,5.2,0.8,1.9,1.5,13.9,3.9,3.1,3.8,5.2,626.1,91.4,9.21,0.12,1.27,0.05,0.14,1.56,0.22,0.2,11.28,0.0,0.93,197.53,26.8,0.13,2.34,43.9,0.26,105.7,197.5,6.9,0.97,74.8
273,273,mula achar,105,5.2,0.8,1.7,1.6,13.1,4.2,3.1,4.1,5.0,571.8,91.6,7.69,0.14,1.04,0.05,0.14,1.43,0.25,0.19,8.34,0.0,0.89,234.55,28.2,0.17,2.07,45.0,0.24,120.6,234.6,6.3,1.05,74.5
274,274,gundruk ko achar,105,4.7,0.9,1.8,1.5,13.9,4.1,3.0,3.7,4.8,599.0,92.0,8.98,0.15,1.17,0.05,0.15,1.62,0.24,0.18,11.65,0.0,0.9,206.27,23.6,0.14,2.1,30.6,0.19,106.8,206.3,7.4,0.78,74.4
275,275,gundruk soup,232,7.1,1.9,2.3,1.6,23.9,3.0,17.3,3.0,45.4,613.5,80.4,5.82,0.2,1.16,0.05,0.47,4.51,0.5,0.54,8.69,0.0,1.04,246.97,55.1,0.13,2.42,48.8,0.17,213.3,247.0,21.9,1.73,95.3
276,276,gundruk bhat,284,9.6,2.5,3.6,1.9,30.3,3.8,15.2,4.0,42.0,420.7,77.8,10.56,0.2,1.06,0.05,0.47,3.66,0.6,0.41,9.79,0.0,1.26,266.49,56.2,0.15,2.55,48.8,0.26,191.8,266.5,16.2,1.79,102.0
277,277,sinkhi achar,106,4.7,0.8,1.7,1.4,12.6,4.2,3.2,4.1,4.8,588.2,91.9,7.58,0.14,0.93,0.05,0.15,1.52,0.26,0.17,8.65,0.0,0.71,174.9,28.4,0.14,2.0,41.4,0.29,115.0,174.9,7.2,0.97,69.6
278,278,tama ko achar,115,5.1,0.8,1.7,1.6,12.9,3.7,3.0,3.8,4.7,567.2,91.4,8.56,0.11,1.16,0.05,0.15,1.47,0.21,0.2,8.87,0.0,0.65,178.83,31.0,0.13,1.93,42.4,0.2,115.8,178.8,8.4,0.91,69.4
279,279,alu tama,281,10.3,2.6,3.5,2.0,33.8,3.8,17.0,3.9,39.1,465.2,76.6,10.32,0.22,1.16,0.05,0.56,4.03,0.51,0.45,10.74,0.0,0.96,202.32,51.4,0.15,2.25,52.6,0.28,215.2,202.3,19.4,2.01,99.4
280,280,alu tama tarkari,268,10.7,2.6,3.5,1.9,31.7,4.2,16.9,4.2,38.9,472.5,76.9,10.73,0.2,1.05,0.05,0.44,3.52,0.61,0.59,9.31,0.0,0.94,250.0,54.9,0.14,2.98,58.5,0.24,203.0,250.0,18.3,1.89,104.8
281,281,alu bodi,300,10.5,2.6,3.5,2.0,33.8,4.1,16.5,4.1,41.4,433.9,76.0,9.85,0.24,1.28,0.05,0.55,4.0,0.58,0.53,13.62,0.0,1.21,219.98,53.5,0.13,2.31,55.4,0.25,227.1,220.0,17.3,1.78,102.6
282,282,alu kauli,265,10.6,2.4,3.5,2.1,30.3,3.9,15.5,3.8,41.3,454.3,77.6,7.56,0.19,1.3,0.05,0.49,4.17,0.46,0.48,11.06,0.0,1.13,207.37,53.4,0.13,2.42,37.4,0.27,176.1,207.4,14.7,1.78,95.4
283,283,alu beans,292,13.0,3.8,3.8,2.5,28.6,5.1,14.4,6.9,29.2,554.4,75.4,11.98,0.21,1.14,0.05,0.43,3.96,0.46,0.44,16.61,0.0,1.21,235.91,43.0,0.16,3.08,58.5,0.37,215.8,235.9,14.5,1.7,116.1
284,284,cauli tarkari,286,9.7,2.5,3.5,2.1,33.0,3.9,16.6,4.2,40.0,476.7,77.0,10.42,0.2,0.96,0.05,0.44,3.41,0.51,0.51,12.78,0.0,0.97,252.93,49.8,0.17,2.88,48.0,0.23,198.1,252.9,16.4,1.67,107.0
285,285,simla mirch tarkari,280,9.6,2.6,3.7,2.1,30.9,4.2,15.3,4.1,41.7,462.7,77.8,9.0,0.18,1.35,0.05,0.48,3.91,0.49,0.43,8.5,0.0,1.29,236.71,49.2,0.15,2.3,39.2,0.23,180.1,236.7,15.4,1.69,97.2
286,286,karkalo tarkari,279,10.0,2.6,3.4,1.9,31.0,3.9,15.8,3.9,37.5,421.1,77.4,7.08,0.22,0.98,0.05,0.47,4.32,0.48,0.45,12.95,0.0,1.04,209.52,43.3,0.11,2.6,54.0,0.22,209.0,209.5,19.6,1.82,97.8
287,287,saag bhuteko,275,10.2,2.4,3.9,2.1,30.3,4.1,16.1,6.1,42.3,459.7,77.2,17.81,0.21,1.5,0.05,0.42,3.95,0.53,0.54,19.12,0.0,0.98,304.05,42.7,0.15,3.38,52.5,0.36,217.9,304.1,21.3,2.04,128.9
288,288,rayo saag,278,10.3,2.6,3.8,2.0,33.9,4.0,15.9,6.1,41.1,426.6,77.2,16.64,0.22,1.44,0.05,0.5,4.13,0.53,0.52,18.23,0.0,1.33,225.7,56.9,0.16,3.6,55.8,0.28,177.2,225.7,15.7,1.92,121.2
289,289,sisnu ko tarkari,295,10.4,2.5,3.6,2.0,31.1,3.8,16.5,4.0,38.2,421.4,76.3,7.92,0.18,0.96,0.05,0.55,4.47,0.52,0.56,11.64,0.0,1.01,243.99,53.7,0.11,2.5,50.4,0.23,174.7,244.0,18.5,1.98,101.5
290,290,farsi ko munta,276,10.2,2.4,3.3,2.1,33.5,3.8,17.0,3.8,42.6,452.4,76.9,10.12,0.23,1.23,0.05,0.45,4.37,0.56,0.55,12.33,0.0,1.17,192.13,60.9,0.12,2.38,49.3,0.26,217.9,192.1,16.6,2.02,99.6
291,291,farsi tarkari,275,10.6,2.4,3.3,1.9,33.6,3.8,16.0,4.1,40.8,419.8,77.1,7.8,0.19,1.08,0.05,0.49,3.38,0.48,0.46,13.35,0.0,1.35,255.83,52.5,0.15,2.89,50.4,0.23,168.7,255.8,19.7,1.9,104.2
292,292,tite karela tarkari,262,9.6,2.4,3.3,2.0,29.8,4.3,17.0,3.8,41.3,439.8,77.7,9.12,0.18,1.09,0.05,0.52,4.0,0.52,0.5,8.53,0.0,0.89,251.97,56.8,0.12,2.8,40.0,0.21,202.1,252.0,16.0,2.13,101.4
293,293,bodi tarkari,261,9.9,2.4,3.6,1.9,33.7,3.9,16.9,4.2,37.8,429.2,77.6,7.69,0.19,1.34,0.05,0.48,4.17,0.51,0.59,13.55,0.0,1.27,210.8,46.8,0.14,2.77,52.9,0.21,211.0,210.8,20.8,1.79,102.1
294,294,mushroom tarkari,264,10.6,2.6,4.2,2.1,32.9,3.8,15.8,6.4,38.0,459.8,77.5,11.9,0.2,1.43,0.05,0.52,3.82,0.47,0.51,19.68,0.0,1.03,257.02,61.8,0.15,3.3,55.2,0.31,207.4,257.0,19.7,1.72,121.2
295,295,soyabean tarkari,292,10.2,2.4,3.5,2.0,32.2,4.0,16.7,3.9,40.5,623.1,76.4,8.96,0.22,1.23,0.05,0.53,3.69,0.48,0.59,8.08,0.0,1.14,205.86,62.4,0.11,2.48,54.8,0.27,220.0,205.9,15.8,2.07,96.5
296,296,bhatmas tarkari,298,10.6,2.4,3.7,1.9,30.4,4.3,16.5,3.9,37.3,479.3,76.1,8.24,0.21,1.19,0.05,0.43,4.36,0.62,0.44,9.93,0.0,0.94,241.44,54.4,0.16,2.32,41.7,0.26,214.8,241.4,16.7,1.8,99.4
297,297,kerau tarkari,274,10.4,2.6,3.4,1.9,33.7,3.7,16.6,4.0,37.3,471.0,77.0,9.44,0.24,1.14,0.05,0.54,4.48,0.56,0.55,10.39,0.0,0.97,196.67,53.6,0.17,2.32,42.7,0.25,183.3,196.7,20.0,1.89,97.6
298,298,kwati,293,10.4,2.5,3.4,2.0,33.5,3.8,16.7,4.1,38.3,425.3,76.2,7.43,0.22,1.28,0.05,0.43,3.74,0.57,0.45,11.51,0.0,1.24,232.62,54.5,0.15,2.27,44.3,0.29,204.9,232.6,20.5,1.61,100.1
299,299,mas ko dal,302,13.8,3.7,3.9,2.4,29.6,4.8,15.5,7.2,32.0,575.9,74.1,11.98,0.19,1.51,0.05,0.41,4.15,0.48,0.5,16.83,0.0,1.37,324.25,46.8,0.16,3.67,73.3,0.3,213.9,324.3,19.6,1.87,127.8
300,300,musuro dal,322,12.4,4.3,4.0,2.6,30.6,5.3,14.7,7.3,29.3,549.0,74.7,16.42,0.2,1.6,0.05,0.48,3.52,0.47,0.48,14.19,0.0,1.07,311.93,49.3,0.21,3.32,72.5,0.36,219.9,311.9,14.0,1.52,126.1
301,301,rahar dal,302,13.8,3.8,3.9,2.5,28.3,4.8,15.6,6.8,29.9,540.9,74.1,15.53,0.2,1.15,0.05,0.42,3.88,0.46,0.54,16.04,0.0,1.52,273.52,43.6,0.17,3.92,72.3,0.32,212.0,273.5,15.8,1.99,125.1
302,302,mug dal,318,13.2,4.1,4.1,2.4,31.3,4.7,15.7,6.8,28.6,552.1,73.9,11.24,0.2,1.32,0.05,0.42,3.79,0.57,0.55,16.65,0.0,1.08,328.16,60.1,0.21,3.86,54.2,0.31,189.9,328.2,17.5,1.91,126.8
303,303,black dal nepali,309,12.6,3.7,3.8,2.5,30.6,4.9,14.0,7.1,29.5,594.2,75.3,13.29,0.2,1.35,0.05,0.37,3.91,0.57,0.48,15.59,0.0,1.32,294.53,39.8,0.18,3.42,66.9,0.4,190.7,294.5,14.7,1.85,121.9
304,304,jhol dal,292,13.7,3.9,4.1,2.4,29.4,4.9,14.9,7.2,28.6,575.4,74.7,13.39,0.21,1.31,0.05,0.39,4.0,0.54,0.41,19.3,0.0,1.39,274.61,59.6,0.22,3.96,68.8,0.33,176.5,274.6,14.6,1.94,126.6
305,305,dal soup nepali,218,7.5,2.0,2.2,1.4,24.8,3.1,16.1,3.0,48.0,613.4,81.1,6.27,0.21,1.01,0.05,0.49,3.51,0.53,0.48,10.49,0.0,1.13,222.25,42.1,0.14,1.92,49.6,0.2,212.7,222.2,19.0,1.8,91.8
306,306,dhido,276,9.8,2.5,3.5,2.1,30.3,3.8,15.8,3.8,40.5,452.7,77.6,8.09,0.22,1.19,0.05,0.47,3.6,0.57,0.56,12.26,0.0,1.3,258.09,43.5,0.15,2.62,45.1,0.23,209.3,258.1,14.8,1.78,101.8
307,307,millet dhido,283,9.3,2.4,3.5,1.9,31.8,3.9,15.3,4.0,37.9,479.5,77.9,10.22,0.2,1.26,0.05,0.49,4.03,0.45,0.46,9.28,0.0,0.97,214.73,45.9,0.16,2.81,45.6,0.21,213.5,214.7,13.9,1.59,97.8
308,308,buckwheat dhido,275,10.4,2.6,3.5,2.0,34.1,4.3,15.4,4.3,38.3,459.1,77.4,10.47,0.24,1.18,0.05,0.41,3.93,0.61,0.44,13.68,0.0,1.13,239.21,42.7,0.16,2.68,51.2,0.28,213.3,239.2,15.7,1.81,104.3
309,309,corn dhido,298,9.6,2.4,3.5,2.0,32.4,3.7,16.5,4.2,37.6,442.6,76.8,10.09,0.19,1.12,0.05,0.51,3.79,0.52,0.57,10.17,0.0,1.09,240.85,58.9,0.16,2.91,52.5,0.23,223.8,240.9,19.2,1.9,103.6
310,310,wheat dhido,264,9.9,2.5,3.3,1.9,33.8,3.8,16.0,3.9,41.9,443.1,77.8,8.64,0.18,0.92,0.05,0.55,3.38,0.58,0.48,9.64,0.0,1.28,264.95,45.3,0.11,2.32,48.7,0.25,168.3,264.9,21.3,1.81,100.5
311,311,kodo ko roti,244,6.0,1.4,2.1,1.6,36.4,1.9,7.5,3.0,9.5,315.4,84.7,6.01,0.21,0.97,0.05,0.24,2.5,0.38,0.27,8.53,0.0,1.02,165.81,35.7,0.11,2.19,35.9,0.21,132.8,165.8,9.5,1.29,71.6
312,312,phapar roti,253,5.8,1.5,2.0,1.6,37.0,2.1,8.5,3.0,10.5,296.8,84.1,7.79,0.25,1.09,0.05,0.3,2.48,0.37,0.3,9.16,0.0,0.7,226.45,30.1,0.13,2.11,33.7,0.23,148.9,226.4,11.1,1.11,79.9
313,313,makai roti nepali,229,5.9,1.6,2.0,1.4,38.8,2.0,8.3,2.8,9.7,279.5,84.9,6.36,0.23,1.15,0.05,0.32,2.54,0.35,0.32,8.36,0.0,0.72,207.01,38.2,0.14,2.22,29.8,0.23,138.3,207.0,10.8,1.21,76.0
314,314,thukpa,268,10.4,2.5,3.7,2.0,30.3,3.8,15.6,3.9,40.4,436.5,77.5,9.19,0.22,1.33,0.05,0.53,3.56,0.6,0.48,12.76,0.0,1.31,244.58,54.2,0.12,2.26,52.9,0.26,181.4,244.6,16.8,1.82,101.1
315,315,vegetable thukpa,273,10.2,2.5,4.1,2.0,33.6,4.3,16.1,5.9,40.7,420.3,77.4,9.85,0.18,1.07,0.05,0.46,4.12,0.54,0.45,21.11,0.0,1.29,218.08,60.6,0.2,3.69,65.8,0.28,213.7,218.1,21.1,1.59,117.4
316,316,chicken thukpa,273,10.2,2.6,3.4,1.9,30.4,4.0,22.7,4.2,77.7,474.4,74.7,10.85,0.2,1.11,1.8,0.58,5.14,0.74,0.7,13.92,0.0,1.03,256.52,58.3,0.13,2.67,45.2,0.25,263.3,256.5,25.4,2.09,118.4
317,317,buff thukpa,263,10.7,2.3,3.3,1.9,33.4,3.8,22.7,3.8,76.0,451.7,74.7,9.74,0.23,1.02,0.05,0.64,4.55,0.72,0.75,8.97,0.0,1.08,216.32,75.0,0.14,2.94,45.8,0.21,213.4,216.3,26.6,2.39,109.6
318,318,thenthuk,266,10.5,2.6,3.4,2.1,30.6,3.7,16.4,4.0,38.7,476.9,77.2,7.3,0.2,0.96,0.05,0.49,3.95,0.48,0.47,8.58,0.0,1.2,218.29,51.1,0.13,2.52,49.8,0.24,198.8,218.3,19.4,1.93,96.2
319,319,veg thenthuk,298,9.6,2.3,3.3,1.9,30.1,3.8,15.4,4.1,41.2,443.2,77.2,7.49,0.21,1.3,0.05,0.43,3.44,0.58,0.46,9.79,0.0,1.12,200.57,42.5,0.14,2.77,47.2,0.22,214.9,200.6,16.0,1.55,95.2
320,320,chicken thenthuk,268,10.6,2.4,3.3,2.0,31.3,3.8,23.2,3.8,76.9,472.2,74.4,8.71,0.23,1.14,1.81,0.66,4.79,0.64,0.75,10.62,0.0,1.36,229.71,67.1,0.12,2.41,43.9,0.21,257.4,229.7,25.8,2.67,110.5
321,321,buff thenthuk,270,10.0,2.5,3.3,2.0,32.9,4.2,24.9,4.2,79.2,456.0,74.0,7.72,0.22,1.24,0.05,0.6,6.27,0.86,0.76,9.23,0.0,1.1,259.06,76.6,0.17,2.77,61.4,0.22,283.5,259.1,29.6,2.72,116.3
322,322,chowmein nepali,400,13.7,3.5,5.3,2.5,46.4,4.1,19.0,3.0,49.4,769.8,69.5,6.49,0.23,1.04,0.05,0.53,4.56,0.61,0.57,10.49,0.0,1.48,221.59,68.8,0.12,2.44,44.3,0.17,252.3,221.6,21.5,1.91,98.0
323,323,veg chowmein,378,13.5,3.3,4.7,2.4,48.6,3.7,17.5,3.0,51.1,669.7,70.9,6.35,0.26,0.95,0.05,0.57,4.36,0.64,0.48,6.77,0.0,1.19,234.49,48.3,0.13,1.99,38.9,0.2,202.9,234.5,20.1,1.88,92.4
324,324,chicken chowmein,415,12.3,3.4,4.9,2.4,48.4,4.1,25.4,3.0,87.2,689.7,67.4,6.11,0.28,0.96,1.89,0.63,5.67,0.81,0.74,8.13,0.0,1.42,218.78,60.5,0.12,2.36,59.2,0.22,254.2,218.8,24.5,2.41,106.5
325,325,buff chowmein,364,13.1,3.7,4.9,2.6,48.8,3.9,25.1,3.0,80.6,724.4,68.7,7.3,0.26,1.15,0.05,0.68,5.35,0.66,0.79,10.23,0.0,1.27,222.56,57.6,0.14,2.59,46.7,0.17,240.5,222.6,23.4,2.13,109.4
326,326,momo,310,10.2,2.6,3.3,1.9,33.3,2.1,16.0,1.9,46.1,608.6,76.1,4.85,0.2,1.14,0.05,0.41,3.86,0.58,0.44,4.67,0.0,1.16,158.36,43.6,0.1,1.86,42.4,0.16,170.2,158.4,17.1,2.08,76.8
327,327,veg momo,313,10.5,2.5,3.7,2.1,36.8,2.0,15.8,2.0,43.0,605.9,75.9,5.81,0.2,1.06,0.05,0.48,3.83,0.51,0.52,7.97,0.0,1.13,185.15,49.4,0.12,1.68,36.6,0.17,168.3,185.1,18.1,1.54,82.1
328,328,chicken momo,292,10.2,2.6,3.6,1.9,37.0,2.1,23.9,2.1,77.5,619.1,73.6,5.19,0.25,0.97,1.84,0.65,5.63,0.72,0.61,7.05,0.0,1.05,196.21,63.4,0.12,2.3,40.5,0.19,229.3,196.2,28.1,2.48,97.1
329,329,buff momo,295,10.0,2.6,3.5,2.1,36.3,2.0,22.8,2.0,85.1,567.7,74.1,5.57,0.22,0.78,0.05,0.72,4.57,0.63,0.59,7.66,0.0,1.09,232.12,78.1,0.12,2.19,38.4,0.2,213.3,232.1,25.6,2.24,98.1
330,330,pork momo,282,10.2,2.4,3.7,1.9,36.3,2.0,25.1,2.1,78.0,596.1,73.4,5.33,0.26,1.0,1.88,0.64,5.12,0.76,0.68,5.67,0.0,0.96,234.27,79.0,0.1,2.22,48.1,0.19,228.8,234.3,29.1,2.36,101.3
331,331,jhol momo,296,10.1,2.4,3.3,2.1,37.0,2.0,16.0,2.1,45.4,577.9,76.7,5.23,0.24,0.99,0.05,0.43,3.37,0.54,0.48,5.19,0.0,0.92,223.08,47.8,0.09,1.78,39.8,0.16,179.8,223.1,20.8,1.68,83.1
332,332,c momo,309,9.4,2.6,3.7,1.9,35.4,2.1,17.0,2.0,44.4,544.0,76.4,5.83,0.2,0.95,0.05,0.57,3.77,0.49,0.5,5.63,0.0,0.99,169.85,46.2,0.11,2.06,45.1,0.18,223.4,169.8,15.4,2.14,81.7
333,333,fried momo,370,15.4,4.1,3.3,2.1,37.2,2.0,16.3,1.9,45.3,616.3,70.4,4.72,0.2,0.77,0.05,0.49,4.1,0.54,0.48,7.22,0.0,1.69,204.13,43.2,0.12,2.04,37.9,0.19,219.7,204.1,18.4,1.59,83.2
334,334,kothe momo,311,10.3,2.5,3.5,1.9,34.7,2.1,17.1,2.0,43.1,574.8,75.6,4.39,0.2,0.99,0.05,0.47,4.38,0.64,0.57,6.53,0.0,1.34,178.1,58.9,0.12,1.67,32.7,0.15,175.2,178.1,19.8,1.75,81.1
335,335,open momo,291,10.1,2.5,3.3,1.9,33.8,2.0,16.0,2.1,44.1,613.7,76.8,4.9,0.23,1.14,0.05,0.52,3.64,0.58,0.5,5.78,0.0,1.2,161.71,42.7,0.13,2.04,40.0,0.16,178.8,161.7,21.2,1.67,79.0
336,336,tandoori momo,310,9.6,2.5,3.7,1.9,37.3,2.1,16.3,2.0,42.6,579.9,76.4,4.38,0.21,0.91,0.05,0.54,3.45,0.52,0.53,6.36,0.0,1.23,191.57,43.1,0.1,1.72,37.0,0.14,185.7,191.6,17.0,1.58,80.9
337,337,choila,345,17.9,5.3,6.3,2.6,8.1,2.1,34.2,1.0,99.1,494.9,62.3,4.12,0.12,0.73,0.05,0.83,6.92,1.07,1.01,5.07,0.0,1.85,242.48,91.0,0.1,2.03,41.2,0.13,344.9,242.5,27.6,2.65,111.7
338,338,buff choila,354,18.1,4.7,5.8,2.5,7.8,2.0,43.7,1.0,138.0,519.8,58.1,4.12,0.11,0.75,0.05,1.2,8.39,1.15,1.08,4.08,0.0,1.55,204.92,127.4,0.09,2.47,48.7,0.11,428.1,204.9,41.7,3.55,124.8
339,339,chicken choila,319,16.2,5.2,5.8,2.6,7.6,2.0,40.9,1.0,126.5,473.0,61.6,3.04,0.12,1.01,2.43,1.13,7.21,1.25,0.97,4.69,0.0,1.33,182.86,109.0,0.11,2.08,57.4,0.14,341.6,182.9,36.9,3.57,117.1
340,340,mutton choila,327,16.6,4.9,6.3,2.5,8.2,2.1,40.9,1.0,140.4,488.4,61.1,3.52,0.12,0.87,2.43,1.26,8.66,1.05,0.97,5.04,0.0,1.74,205.59,106.1,0.11,2.17,58.5,0.13,367.0,205.6,33.4,3.91,119.6
341,341,pork choila,318,17.5,4.9,6.4,2.4,7.5,2.1,41.3,1.0,136.4,503.4,60.6,3.58,0.12,1.0,2.45,1.12,7.31,1.17,1.14,4.08,0.0,1.41,242.6,94.2,0.09,2.02,58.8,0.13,358.3,242.6,32.2,3.31,122.4
342,342,sukuti,351,17.9,4.9,5.9,2.5,8.5,2.0,35.5,1.0,98.9,504.9,61.6,4.17,0.1,0.89,0.05,1.05,7.19,1.06,0.88,3.68,0.0,1.44,242.32,75.8,0.09,2.33,49.8,0.14,355.8,242.3,38.4,2.72,113.3
343,343,buff sukuti,322,16.4,5.0,6.4,2.6,7.6,1.9,42.6,1.0,144.3,474.3,60.7,4.29,0.12,1.02,0.05,1.09,8.41,1.24,1.24,3.45,0.0,1.72,219.08,109.0,0.1,2.55,44.3,0.15,352.4,219.1,37.6,3.63,124.1
344,344,chicken sukuti,356,16.5,5.0,5.7,2.4,8.3,2.1,45.6,0.9,142.5,506.5,58.3,3.41,0.12,0.83,2.6,1.2,9.24,1.32,1.41,3.25,0.0,1.37,211.65,114.1,0.11,2.32,63.9,0.13,366.2,211.6,36.2,3.48,126.9
345,345,mutton sukuti,355,17.6,5.3,5.8,2.5,8.1,2.0,40.6,1.0,127.8,484.2,59.6,3.56,0.13,0.8,2.42,1.23,9.52,1.25,1.26,4.48,0.0,1.33,244.78,114.9,0.1,1.85,60.7,0.16,362.9,244.8,30.1,3.89,121.0
346,346,sekuwa,317,16.3,5.3,6.1,2.6,8.0,2.1,34.0,0.9,102.9,524.1,64.4,3.53,0.11,0.79,0.05,1.03,8.17,1.07,0.84,3.78,0.0,1.23,227.73,96.0,0.09,1.98,42.7,0.14,317.8,227.7,34.9,2.91,108.1
347,347,chicken sekuwa,360,16.8,5.3,6.2,2.4,8.4,2.0,45.3,0.9,137.5,465.6,58.1,3.07,0.11,1.03,2.58,1.27,8.5,1.15,1.35,4.53,0.0,1.38,232.63,127.2,0.11,2.5,61.5,0.11,335.3,232.6,36.4,3.5,129.2
348,348,mutton sekuwa,336,16.4,4.9,6.1,2.5,8.0,2.0,41.1,1.0,129.9,485.4,60.9,3.63,0.12,0.84,2.44,1.06,8.35,1.03,1.0,4.93,0.0,1.64,185.69,121.3,0.09,2.27,44.6,0.13,339.8,185.7,40.8,3.79,118.6
349,349,buff sekuwa,353,17.0,5.2,6.0,2.5,7.7,1.9,43.0,1.1,140.3,469.3,59.1,4.21,0.1,0.82,0.05,1.12,8.6,1.19,1.32,3.82,0.0,1.66,236.35,119.6,0.09,2.18,56.3,0.12,339.4,236.4,46.5,3.84,125.7
350,350,pork sekuwa,332,17.2,4.7,6.2,2.6,7.5,2.1,45.5,1.0,136.0,510.8,58.7,3.79,0.11,0.78,2.59,1.09,9.29,1.43,1.14,4.93,0.0,1.79,193.13,98.3,0.1,2.6,46.1,0.11,438.6,193.1,39.7,3.87,127.9
351,351,bhutuwa,267,9.7,2.4,3.6,1.9,31.0,3.8,16.6,4.1,37.9,465.2,77.7,8.12,0.18,0.93,0.05,0.53,4.31,0.55,0.44,12.81,0.0,1.13,227.96,58.3,0.16,2.4,50.8,0.22,188.7,228.0,14.8,1.74,101.6
352,352,buff bhutuwa,268,9.7,2.6,3.5,1.9,30.2,4.3,24.2,4.0,79.3,452.1,74.6,7.89,0.17,1.12,0.05,0.66,5.15,0.77,0.62,9.29,0.0,1.29,285.97,61.1,0.13,2.85,57.4,0.22,267.3,286.0,20.4,2.16,116.9
353,353,mutton bhutuwa,294,10.0,2.4,3.3,2.0,31.9,4.1,24.2,3.9,77.8,434.4,73.5,7.9,0.2,0.95,1.85,0.65,5.47,0.73,0.6,11.47,0.0,1.21,271.86,69.7,0.13,2.88,49.8,0.25,246.4,271.9,29.2,2.09,117.1
354,354,alu chop,265,10.3,2.5,3.6,1.9,33.1,3.8,15.9,4.3,37.4,445.2,77.6,8.03,0.23,1.14,0.05,0.51,3.91,0.53,0.47,11.01,0.0,1.02,230.6,55.4,0.15,2.78,46.5,0.26,174.7,230.6,15.6,1.87,100.5
355,355,pakoda nepali,288,10.0,2.4,3.5,2.1,33.9,4.1,16.8,3.8,40.1,470.8,76.7,6.8,0.21,0.95,0.05,0.43,4.6,0.54,0.47,11.35,0.0,1.12,233.34,44.2,0.14,2.29,44.6,0.24,184.3,233.3,21.6,1.75,98.7
356,356,pakauda,293,10.5,2.5,3.4,2.0,31.6,3.9,16.1,4.1,37.6,428.1,76.5,9.78,0.19,1.02,0.05,0.42,4.24,0.57,0.54,10.06,0.0,1.25,251.38,47.5,0.16,2.93,51.6,0.24,177.9,251.4,21.4,1.6,103.0
357,357,puri tarkari,292,9.5,2.4,3.7,2.0,33.8,3.7,16.0,4.0,40.9,439.1,77.2,8.74,0.19,1.14,0.05,0.46,3.75,0.55,0.47,10.84,0.0,1.08,228.85,59.2,0.16,2.93,54.0,0.26,215.1,228.9,17.8,1.98,100.4
358,358,puri alu,287,10.1,2.5,3.4,1.9,31.4,4.0,16.4,4.1,38.4,453.8,76.8,10.81,0.23,1.08,0.05,0.44,4.24,0.48,0.5,11.23,0.0,0.89,206.62,44.2,0.13,2.46,57.0,0.25,170.7,206.6,18.0,1.59,100.6
359,359,kachila,288,9.7,2.5,3.7,2.1,33.6,4.2,17.1,4.1,39.9,448.3,76.8,10.26,0.23,1.26,0.05,0.44,3.5,0.65,0.47,12.26,0.0,1.24,231.57,52.5,0.16,2.3,51.8,0.2,177.6,231.6,22.3,1.72,103.6
360,360,buff kachila,284,9.3,2.6,3.7,1.9,32.9,4.2,24.3,4.2,75.2,477.8,74.3,8.87,0.23,1.22,0.05,0.6,5.9,0.76,0.76,8.99,0.0,1.04,222.89,60.3,0.14,2.61,61.2,0.28,208.0,222.9,23.0,2.29,112.8
361,361,pulao nepali,394,12.3,3.0,4.5,2.4,50.0,3.1,13.4,3.0,58.6,643.2,72.9,7.99,0.26,0.99,0.05,0.36,3.64,0.45,0.48,9.3,0.0,1.44,186.59,51.6,0.11,1.9,44.3,0.18,165.0,186.6,14.0,1.48,84.9
362,362,chicken pulao nepali,411,11.5,2.9,4.6,2.4,52.9,3.0,21.5,3.1,89.4,631.4,69.7,8.16,0.25,1.18,1.75,0.6,4.93,0.63,0.68,8.06,0.0,1.34,242.0,55.7,0.14,2.41,53.8,0.23,203.6,242.0,20.1,2.19,103.7
363,363,mutton pulao nepali,364,11.4,3.1,4.3,2.4,53.6,2.9,21.6,3.0,84.1,637.5,71.3,7.53,0.33,0.84,1.76,0.61,4.65,0.72,0.56,10.48,0.0,1.09,209.14,55.3,0.1,2.63,46.7,0.21,227.9,209.1,25.3,2.05,103.1
364,364,gundruk bhatmas,275,9.8,2.6,3.4,2.1,33.7,4.1,16.9,4.0,39.6,467.3,77.2,10.41,0.21,0.91,0.05,0.5,4.55,0.64,0.6,13.2,0.0,0.96,249.88,59.2,0.12,2.49,57.5,0.29,189.4,249.9,20.8,1.86,105.8
365,365,bhatmas ko achar,105,4.7,0.8,1.9,1.5,12.2,3.9,2.9,3.8,4.8,615.5,92.1,9.57,0.12,1.09,0.05,0.14,1.5,0.23,0.18,12.42,0.0,0.83,214.78,27.9,0.15,1.93,30.8,0.26,94.8,214.8,8.5,0.99,75.7
366,366,tomato achar nepali,114,4.9,0.8,1.7,1.5,13.4,4.0,2.9,4.1,5.2,589.0,91.6,8.33,0.15,1.17,0.05,0.16,1.71,0.23,0.15,17.67,0.0,0.7,161.86,24.1,0.15,2.24,34.4,0.23,117.5,161.9,8.6,0.88,76.5
367,367,sesame tomato achar,105,5.1,0.8,1.8,1.4,13.3,3.8,3.2,4.2,4.7,584.8,91.7,9.36,0.13,1.11,0.05,0.16,1.78,0.22,0.19,19.09,0.0,0.73,204.19,27.4,0.16,2.3,36.4,0.24,103.8,204.2,7.1,1.0,82.8
368,368,dhaniya achar,117,5.0,0.8,1.8,1.4,12.7,4.2,3.0,3.8,5.2,619.1,91.4,8.36,0.11,1.01,0.05,0.14,1.54,0.22,0.2,11.4,0.0,0.72,181.35,23.9,0.16,2.25,31.9,0.22,92.6,181.3,7.8,0.94,72.5
369,369,lapsi achar,108,4.7,0.8,1.7,1.4,12.3,4.1,3.1,4.0,4.8,639.6,91.9,9.39,0.12,1.26,0.05,0.17,1.66,0.23,0.17,8.45,0.0,0.74,231.17,31.1,0.15,2.52,35.5,0.28,94.1,231.2,8.2,0.89,76.1
370,370,lapsi candy,261,10.6,2.4,3.6,2.1,33.5,4.0,15.1,3.8,38.7,437.6,77.8,8.55,0.24,0.99,0.05,0.5,3.58,0.52,0.52,10.09,0.0,1.25,211.04,45.8,0.15,2.6,53.8,0.25,179.0,211.0,13.8,1.71,95.4
371,371,juju dhau,265,9.7,2.5,3.7,1.9,30.8,3.7,15.6,3.8,38.8,463.4,78.1,9.48,0.21,1.16,0.05,0.45,3.68,0.61,0.42,9.44,0.0,1.01,177.88,50.4,0.15,2.29,49.9,0.25,178.8,177.9,19.9,2.04,92.8
372,372,dahi chiura,285,10.1,2.4,3.4,2.1,31.4,3.9,15.6,4.1,37.4,457.9,77.2,7.77,0.2,1.1,0.05,0.54,3.26,0.62,0.5,10.96,0.0,0.99,231.3,43.6,0.15,2.9,40.2,0.22,222.3,231.3,15.2,1.61,99.6
373,373,kheer nepali,260,9.3,4.9,2.5,0.8,37.6,33.5,4.9,1.0,18.9,126.5,82.9,4.34,0.25,0.81,0.05,0.2,1.82,0.3,0.22,4.08,0.0,1.2,128.08,34.8,0.08,1.18,24.1,0.13,126.5,128.1,10.3,1.0,49.7
374,374,rice kheer nepali,398,12.8,3.0,4.6,2.5,50.3,11.2,15.0,3.0,56.8,658.7,71.8,6.67,0.26,1.07,0.05,0.45,3.24,0.5,0.51,10.36,0.0,1.35,240.5,57.2,0.14,2.01,40.0,0.24,176.4,240.5,19.8,1.66,92.0
375,375,gundpak,272,10.6,2.4,3.5,1.9,32.5,4.3,16.7,4.3,40.0,425.5,76.9,9.63,0.2,1.33,0.05,0.45,3.95,0.65,0.44,8.72,0.0,1.21,195.21,63.9,0.16,2.36,48.0,0.23,214.1,195.2,20.4,1.95,97.5
376,376,anarsa,281,9.3,2.5,3.6,1.9,31.5,4.2,16.6,3.9,41.2,450.7,77.4,9.19,0.2,0.95,0.05,0.44,3.7,0.62,0.55,8.57,0.0,0.92,185.69,49.8,0.16,2.82,42.3,0.2,206.7,185.7,21.2,1.86,96.1
377,377,lakhamari,270,9.7,2.4,3.5,2.1,32.9,4.0,16.2,4.1,38.0,436.7,77.8,8.04,0.2,1.07,0.05,0.45,4.44,0.5,0.53,10.98,0.0,1.05,184.19,57.5,0.15,2.37,44.7,0.23,204.7,184.2,15.9,1.73,96.0
378,378,sel malpua,283,9.7,2.6,3.6,2.1,31.6,4.1,15.3,3.9,38.1,472.2,77.7,8.01,0.2,1.28,0.05,0.46,3.38,0.54,0.43,12.71,0.0,0.87,234.21,47.3,0.13,2.34,42.6,0.26,207.5,234.2,16.2,1.75,98.8
379,379,khapse,296,10.6,2.6,3.7,2.1,32.1,3.8,15.3,4.1,39.4,424.7,76.6,8.35,0.18,1.15,0.05,0.47,4.03,0.59,0.55,8.56,0.0,1.16,220.38,45.7,0.15,2.76,50.6,0.22,204.1,220.4,14.1,1.83,96.5
380,380,thekua nepali,282,9.4,2.4,3.7,1.9,33.8,4.0,15.0,3.8,40.5,455.1,78.0,8.42,0.22,1.23,0.05,0.43,3.85,0.48,0.42,8.28,0.0,0.94,253.19,44.3,0.14,2.57,47.8,0.27,166.9,253.2,18.9,1.59,97.0
381,381,pustakari,292,10.2,2.5,3.3,2.1,32.5,4.0,15.3,4.0,40.1,478.4,77.0,8.1,0.23,1.01,0.05,0.43,3.82,0.5,0.47,13.39,0.0,1.31,205.23,46.9,0.17,2.56,40.9,0.2,188.1,205.2,20.1,1.74,98.0
382,382,til ko laddu,255,9.0,4.8,2.6,0.8,36.5,25.0,4.9,1.0,18.9,116.6,83.2,3.87,0.23,0.76,0.05,0.18,2.03,0.3,0.25,4.44,0.0,0.9,146.17,35.5,0.1,1.38,26.6,0.12,143.9,146.2,10.2,0.98,51.6
383,383,chaku,266,9.8,2.4,3.6,2.0,31.7,3.9,15.8,4.1,39.5,479.5,78.0,8.52,0.23,1.35,0.05,0.51,3.29,0.58,0.45,12.33,0.0,1.0,226.54,47.9,0.16,2.51,49.5,0.22,177.8,226.5,20.2,1.59,100.5
384,384,milk tea nepali,270,9.8,2.5,3.6,2.0,34.1,3.7,16.4,4.1,42.3,449.2,77.6,8.19,0.22,1.07,1.57,0.43,4.11,0.52,0.49,13.37,0.62,0.93,199.41,123.4,0.16,2.58,41.8,0.21,185.7,199.4,15.1,1.7,99.8
385,385,butter tea nepali,283,15.6,4.3,3.5,1.9,29.9,4.2,15.0,4.2,61.8,438.3,73.7,10.35,0.22,1.11,0.05,0.51,3.35,0.52,0.47,10.22,0.0,1.53,223.72,45.2,0.16,2.26,40.5,0.24,195.0,223.7,13.9,1.77,98.1
386,386,tongba,296,10.0,2.3,3.5,1.9,32.0,4.2,16.6,4.0,40.4,458.5,76.5,9.62,0.21,1.33,0.05,0.54,4.04,0.62,0.57,8.57,0.0,1.29,259.5,63.8,0.15,2.82,47.0,0.22,197.0,259.5,20.1,1.95,102.7
387,387,rakshi rice,367,12.2,2.9,4.5,2.6,55.4,3.0,13.1,3.0,51.2,648.5,74.0,5.78,0.28,1.01,0.05,0.38,3.07,0.5,0.4,8.49,0.0,1.32,177.1,47.5,0.12,2.44,46.6,0.18,197.8,177.1,13.5,1.38,82.5
388,388,rakshi millet,284,10.5,2.6,3.5,2.1,31.2,3.9,15.4,3.8,38.9,445.2,77.0,7.74,0.23,0.98,0.05,0.44,3.36,0.6,0.48,12.19,0.0,1.07,209.35,55.7,0.15,2.44,45.5,0.22,176.3,209.3,19.5,1.56,96.4
389,389,ema datshi,296,13.8,4.1,3.8,2.6,28.4,5.0,15.2,7.2,29.2,535.8,74.4,17.09,0.21,1.3,0.05,0.43,3.3,0.52,0.41,20.66,0.0,1.27,336.98,47.5,0.22,4.09,61.7,0.4,186.9,337.0,14.3,1.84,136.6
390,390,kewa datshi,305,12.9,4.3,3.9,2.6,29.3,4.7,14.5,7.1,28.4,533.0,75.0,15.1,0.21,1.13,0.05,0.48,4.0,0.54,0.44,16.79,0.0,1.1,232.95,57.5,0.22,3.9,69.6,0.3,214.7,232.9,14.3,1.71,121.2
391,391,shakam datshi,302,13.2,4.2,3.9,2.4,31.2,4.9,15.8,6.5,31.6,592.4,74.4,10.74,0.2,1.38,0.05,0.48,3.45,0.47,0.55,13.05,0.0,1.55,284.17,51.1,0.21,3.86,61.3,0.28,207.6,284.2,16.3,1.79,119.2
392,392,shamu datshi,327,12.3,4.1,3.9,2.5,30.9,5.0,15.5,7.3,28.7,538.0,74.2,12.34,0.23,1.24,0.05,0.41,3.33,0.52,0.54,14.57,0.0,1.1,326.71,54.3,0.18,4.29,68.5,0.36,202.4,326.7,19.2,1.59,128.5
393,393,saag datshi,307,13.3,4.0,4.8,2.3,31.7,4.9,15.0,8.6,28.7,532.0,74.5,20.06,0.23,1.29,0.05,0.43,3.78,0.52,0.45,22.31,0.0,1.46,337.9,49.0,0.19,4.34,71.4,0.34,183.5,337.9,19.9,1.66,145.4
394,394,mushroom datshi,327,12.6,4.2,4.5,2.5,30.7,5.1,15.6,9.0,28.2,549.4,74.1,18.33,0.23,1.29,0.05,0.43,3.77,0.48,0.5,19.62,0.0,1.44,369.1,50.0,0.26,3.81,83.3,0.42,192.9,369.1,21.0,1.63,145.6
395,395,spinach datshi,325,12.5,3.7,4.6,2.4,30.4,4.8,16.8,9.0,31.3,549.2,73.7,22.62,0.23,1.54,0.05,0.48,3.54,0.51,0.54,23.16,0.0,1.42,372.95,46.2,0.25,4.53,84.2,0.38,234.2,373.0,16.9,2.1,156.0
396,396,hoentoe,299,10.6,2.5,3.3,2.1,29.8,3.9,16.1,3.9,42.4,457.1,76.2,10.2,0.17,1.07,0.05,0.43,4.28,0.6,0.55,12.95,0.0,1.02,202.45,55.3,0.13,2.33,53.7,0.2,225.4,202.4,20.7,1.62,99.6
397,397,momos bhutanese,310,10.6,2.4,3.5,2.0,36.3,1.9,15.1,1.9,42.5,590.4,76.2,5.25,0.24,0.88,0.05,0.41,4.0,0.52,0.42,7.79,0.0,1.32,191.63,45.7,0.13,1.79,42.6,0.14,190.2,191.6,19.7,1.86,80.8
398,398,jasha maroo,292,10.4,2.4,3.3,2.1,32.5,4.1,15.7,4.2,40.9,471.2,76.8,10.85,0.2,1.2,0.05,0.52,3.57,0.58,0.46,9.86,0.0,1.13,226.65,58.3,0.17,2.33,40.8,0.28,179.8,226.7,18.2,1.89,99.9
399,399,phaksha paa,264,10.4,2.6,3.5,2.1,31.4,4.0,17.0,3.9,40.6,455.7,77.1,9.71,0.23,1.15,0.05,0.45,4.37,0.55,0.55,12.81,0.0,1.09,264.29,59.2,0.13,2.83,55.0,0.24,203.9,264.3,20.9,1.96,106.8
400,400,shakam paa,291,10.2,2.3,3.5,1.9,34.0,3.8,16.9,4.2,41.3,472.0,76.4,8.19,0.24,1.06,0.05,0.58,3.74,0.56,0.45,10.94,0.0,1.33,215.06,60.2,0.13,2.9,50.3,0.23,196.1,215.1,20.9,2.08,101.2
401,401,sikam paa,294,9.8,2.5,3.6,2.1,30.8,4.2,15.1,4.1,40.8,438.2,77.3,9.0,0.18,1.08,0.05,0.43,3.95,0.5,0.52,13.26,0.0,1.2,247.5,46.7,0.12,2.69,55.5,0.26,193.6,247.5,17.3,1.7,102.4
402,402,shakam ema datshi,318,12.5,3.8,4.1,2.6,29.6,4.8,15.5,7.0,29.6,593.0,74.5,11.74,0.23,1.53,0.05,0.52,3.55,0.55,0.43,21.83,0.0,1.22,249.22,51.9,0.2,3.4,62.4,0.39,226.3,249.2,15.5,1.86,124.2
403,403,beef phaksha,269,9.3,2.4,3.3,2.0,33.5,4.0,24.2,4.0,74.1,471.9,74.8,9.15,0.22,1.3,1.85,0.78,5.75,0.8,0.81,12.54,0.0,0.96,275.73,79.3,0.17,2.67,51.4,0.29,216.9,275.7,29.1,2.21,119.3
404,404,pork ribs bhutanese,282,9.5,2.7,3.6,2.0,31.9,3.9,25.0,4.1,77.3,463.7,74.0,9.42,0.21,1.34,1.88,0.7,5.63,0.67,0.75,10.91,0.0,1.04,208.87,60.9,0.14,2.9,45.5,0.23,276.6,208.9,26.8,2.13,115.0
405,405,pork datshi,319,13.1,4.3,4.1,2.6,30.0,5.1,24.4,7.5,62.4,556.2,70.4,14.94,0.21,1.3,1.85,0.71,6.01,0.86,0.63,18.81,0.0,1.38,317.25,55.3,0.2,4.28,67.8,0.31,289.0,317.2,24.8,2.58,148.8
406,406,yaksha shakam,289,9.6,2.5,3.6,1.9,30.6,4.1,16.0,3.8,37.7,478.1,77.2,8.69,0.23,1.05,0.05,0.47,4.11,0.49,0.48,8.24,0.0,1.02,231.85,59.9,0.14,2.29,44.9,0.21,223.7,231.9,16.7,1.96,96.2
407,407,yak meat curry,311,12.1,4.1,4.3,2.3,29.5,4.8,16.0,7.0,27.9,551.0,74.8,11.31,0.22,1.4,0.05,0.53,4.41,0.5,0.52,14.68,0.0,1.09,320.75,59.7,0.22,3.77,64.8,0.4,212.5,320.8,15.5,1.63,125.6
408,408,beef curry bhutanese,324,12.1,3.7,4.0,2.7,31.9,5.2,22.4,6.8,63.6,534.9,71.7,13.65,0.23,1.34,1.78,0.66,5.78,0.8,0.75,20.58,0.0,1.25,323.58,63.4,0.15,3.8,62.6,0.32,220.0,323.6,20.1,2.2,142.6
409,409,chicken curry bhutanese,304,13.8,4.2,4.2,2.6,30.9,5.2,21.7,7.0,66.5,545.9,71.6,14.09,0.21,1.38,1.76,0.6,4.98,0.63,0.61,16.99,0.0,1.17,302.48,61.5,0.18,3.32,54.6,0.29,242.1,302.5,20.6,2.55,136.8
410,410,fish curry bhutanese,322,13.5,4.1,4.0,2.3,31.9,4.9,23.3,7.4,65.4,571.0,70.5,15.96,0.21,1.14,1.81,0.62,4.71,0.83,0.59,21.23,3.52,1.43,346.65,58.0,0.18,4.21,82.2,0.3,280.0,346.6,25.6,2.03,151.5
411,411,goen hogay,268,9.6,2.5,3.3,2.1,30.7,4.1,17.0,3.7,38.5,469.8,77.6,9.43,0.23,1.31,0.05,0.55,3.9,0.63,0.45,8.36,0.0,0.97,254.37,62.1,0.13,2.58,54.0,0.24,183.1,254.4,20.3,1.76,100.9
412,412,ezay,287,9.9,2.5,3.4,2.1,33.4,4.0,16.2,4.1,39.4,462.3,77.0,8.74,0.22,1.0,0.05,0.51,3.47,0.62,0.5,9.22,0.0,1.02,232.05,47.3,0.15,2.97,46.4,0.25,184.4,232.1,15.2,1.63,100.2
413,413,kewa tshoem,293,10.5,2.7,3.5,2.0,30.3,4.3,15.9,3.8,38.5,471.0,76.5,7.36,0.22,1.24,0.05,0.44,4.0,0.54,0.44,10.82,0.0,0.92,205.97,57.4,0.12,2.3,43.3,0.24,223.1,206.0,20.9,2.04,95.1
414,414,kewa phagsha,274,9.6,2.6,3.4,1.9,31.1,3.8,15.3,3.8,40.9,446.1,78.0,9.77,0.18,0.99,0.05,0.47,3.82,0.48,0.55,8.11,0.0,1.15,184.72,51.3,0.14,2.27,54.4,0.22,170.5,184.7,15.4,1.71,92.2
415,415,khuley,282,10.4,2.6,3.3,1.9,32.6,4.0,15.0,4.1,42.3,477.5,77.3,9.46,0.2,1.18,0.05,0.45,3.98,0.56,0.49,10.13,0.0,1.35,194.47,58.5,0.12,2.63,44.8,0.21,199.0,194.5,20.2,2.02,95.7
416,416,puta bhutanese,295,9.8,2.3,3.6,1.9,31.8,4.1,16.1,3.8,39.5,471.4,76.9,8.04,0.23,1.07,0.05,0.47,4.17,0.54,0.49,9.75,0.0,1.01,235.55,56.8,0.12,2.33,41.3,0.21,218.2,235.5,18.7,2.05,97.7
417,417,thukpa bhutanese,282,10.4,2.5,3.6,1.9,30.4,3.8,16.3,3.9,41.9,467.3,76.8,9.04,0.17,0.99,0.05,0.5,3.54,0.54,0.51,8.87,0.0,1.1,213.93,50.3,0.15,2.39,52.2,0.24,178.3,213.9,20.1,1.68,96.8
418,418,thenthuk bhutanese,277,10.0,2.6,3.3,2.1,31.2,4.2,16.3,4.1,42.1,461.1,77.3,10.06,0.18,0.91,0.05,0.54,3.4,0.62,0.48,13.32,0.0,0.97,224.61,46.5,0.16,2.54,56.6,0.25,216.9,224.6,19.5,1.72,103.1
419,419,fried rice bhutanese,415,17.1,4.8,4.3,2.5,53.2,3.0,13.3,3.0,54.8,662.0,68.8,7.68,0.33,1.24,0.05,0.43,3.04,0.48,0.47,7.07,0.0,1.46,175.47,40.5,0.1,2.31,46.0,0.24,199.2,175.5,18.1,1.86,82.9
420,420,red rice,414,12.1,3.2,4.8,2.6,49.8,2.8,13.6,3.0,52.3,662.8,72.3,7.84,0.29,1.23,0.05,0.4,3.67,0.56,0.39,8.94,0.0,1.37,202.05,54.6,0.12,1.96,46.4,0.18,173.6,202.1,18.5,1.65,86.0
421,421,red rice pulao,412,11.2,2.9,4.4,2.5,52.5,2.8,14.5,3.1,54.7,583.6,72.6,7.43,0.26,1.25,0.05,0.46,3.86,0.44,0.45,10.63,0.0,1.12,197.34,52.3,0.14,2.14,47.2,0.24,205.6,197.3,15.5,1.94,89.1
422,422,jasha tshoem,289,10.1,2.5,3.4,2.1,33.9,3.8,16.4,3.9,40.0,425.7,76.8,9.7,0.24,0.94,0.05,0.43,3.8,0.5,0.56,12.05,0.0,1.27,256.03,42.5,0.16,2.86,49.8,0.2,205.9,256.0,17.8,2.05,104.5
423,423,jasha maru,291,9.4,2.4,3.6,1.9,33.1,3.8,15.1,4.3,37.2,468.4,77.6,8.24,0.18,0.95,0.05,0.43,3.75,0.52,0.43,14.13,0.0,1.11,197.32,45.9,0.15,2.96,39.9,0.22,161.4,197.3,15.0,1.57,99.6
424,424,hoentay,282,10.7,2.6,3.6,1.9,30.6,3.9,17.1,3.8,40.8,455.8,76.3,8.82,0.2,1.01,0.05,0.5,4.48,0.62,0.53,11.19,0.0,1.35,251.12,59.7,0.11,2.23,44.8,0.26,211.3,251.1,15.5,2.05,102.1
425,425,buckwheat pancake,247,5.6,1.6,1.9,1.5,40.2,2.0,8.2,3.1,9.4,290.0,84.6,8.21,0.24,1.15,0.05,0.28,2.48,0.38,0.29,10.95,0.0,0.73,227.98,29.7,0.12,2.06,36.4,0.24,155.0,228.0,11.4,1.43,81.4
426,426,buckwheat noodles,387,12.3,3.6,4.9,2.3,45.6,3.9,19.2,3.1,49.3,671.0,70.7,8.03,0.28,0.91,0.05,0.58,4.04,0.55,0.56,7.2,0.0,1.16,232.57,55.9,0.12,2.67,46.6,0.18,219.2,232.6,19.8,2.32,98.9
427,427,puta noodles,371,13.9,3.3,5.3,2.3,46.8,4.0,17.5,2.9,53.1,750.6,70.9,6.68,0.23,0.95,0.05,0.46,4.31,0.62,0.53,6.78,0.0,1.13,202.56,59.9,0.14,2.49,41.2,0.24,184.7,202.6,18.3,1.76,91.0
428,428,suja,273,9.6,2.6,3.4,2.1,34.1,4.2,16.1,4.0,39.1,430.7,77.7,7.55,0.2,1.18,0.05,0.55,3.58,0.57,0.46,12.64,0.0,1.07,224.21,42.2,0.14,2.3,52.9,0.25,171.4,224.2,18.6,2.04,99.4
429,429,butter tea bhutanese,298,14.5,4.5,3.6,2.1,31.0,3.8,16.8,3.8,57.9,458.4,73.2,7.8,0.22,1.09,0.05,0.45,3.75,0.54,0.6,10.79,0.0,1.39,194.13,56.7,0.16,2.61,40.0,0.25,224.5,194.1,20.6,1.75,96.6
430,430,ara,291,9.9,2.6,3.3,1.9,30.4,3.7,16.3,4.1,37.6,447.8,76.8,10.53,0.18,1.19,0.05,0.5,4.05,0.6,0.45,9.86,0.0,1.0,232.1,51.7,0.12,2.36,57.7,0.21,219.6,232.1,17.1,1.74,101.1
431,431,zow shakam,289,10.1,2.5,3.6,2.0,31.2,4.2,15.0,3.9,40.4,454.3,77.3,9.91,0.18,1.21,0.05,0.4,3.21,0.46,0.42,10.65,0.0,1.3,223.69,55.0,0.16,2.41,44.7,0.26,189.5,223.7,17.1,1.82,97.4
432,432,zow,276,9.5,2.6,3.7,2.0,30.3,4.2,15.5,3.9,40.8,453.6,78.0,7.02,0.22,0.99,0.05,0.4,3.46,0.49,0.44,12.42,0.0,1.07,237.67,56.1,0.15,2.17,51.6,0.23,201.6,237.7,17.7,1.54,97.8
433,433,khur-le,284,9.6,2.5,3.3,2.1,32.4,3.9,16.9,3.8,38.4,452.3,77.1,9.89,0.22,1.01,0.05,0.51,4.05,0.51,0.48,10.95,0.0,1.0,223.45,48.6,0.12,2.39,38.6,0.24,209.7,223.5,17.8,1.7,100.6
434,434,phaksha sikam,262,10.4,2.6,3.7,1.9,32.3,4.1,16.7,4.1,42.2,470.0,77.3,8.47,0.18,1.18,0.05,0.51,4.48,0.53,0.52,9.97,0.0,1.0,250.32,49.9,0.14,2.83,53.2,0.24,194.7,250.3,21.5,1.86,102.7
435,435,dried pork curry,314,13.5,4.1,4.2,2.4,28.4,4.7,21.5,6.6,60.6,542.3,71.5,10.52,0.19,1.45,1.75,0.7,4.28,0.66,0.67,20.3,0.0,1.44,276.2,57.4,0.19,3.41,52.9,0.28,210.7,276.2,26.0,2.52,132.8
436,436,dried beef curry,328,12.3,4.1,4.3,2.6,31.6,5.3,22.0,6.6,67.0,556.5,71.7,15.3,0.22,1.21,1.77,0.54,5.05,0.61,0.69,14.21,0.0,1.19,300.8,52.1,0.17,3.63,57.1,0.27,264.5,300.8,26.7,2.49,135.2
437,437,dried yak curry,319,13.4,3.8,3.9,2.6,31.9,4.8,15.4,7.3,32.1,524.3,73.8,14.78,0.23,1.42,0.05,0.49,4.1,0.57,0.52,16.14,0.0,1.09,262.03,57.3,0.19,3.6,74.1,0.39,201.6,262.0,18.3,1.73,124.4
438,438,rice and curry,313,12.8,4.3,4.1,2.4,30.7,5.3,15.4,6.9,31.9,527.6,74.5,12.39,0.18,1.58,0.05,0.48,3.71,0.54,0.51,20.55,0.0,1.19,283.22,60.5,0.16,3.43,65.1,0.38,218.6,283.2,20.6,1.93,125.9
439,439,kiribath,293,9.9,2.6,3.7,2.1,32.2,4.0,16.2,3.9,40.3,477.9,76.9,9.39,0.22,1.24,0.05,0.48,3.71,0.61,0.49,12.79,0.0,1.1,217.75,46.5,0.13,2.49,52.0,0.2,205.0,217.8,20.3,2.05,100.4
440,440,chicken kottu,373,12.1,3.6,5.0,2.4,45.6,3.8,27.6,2.9,83.9,752.8,68.0,7.03,0.23,1.16,1.97,0.66,5.13,0.75,0.72,9.52,0.0,1.02,217.12,88.9,0.12,2.4,49.6,0.22,253.8,217.1,23.9,2.58,111.7
441,441,cheese kottu,395,17.9,5.6,4.7,2.5,44.9,3.9,16.8,3.1,73.5,708.3,67.5,7.36,0.23,1.13,1.59,0.52,3.85,0.65,0.52,6.71,0.35,1.57,205.36,132.3,0.13,2.01,47.8,0.23,244.3,205.4,20.3,1.73,90.1
442,442,dolphin kottu,416,12.2,3.4,5.2,2.6,46.1,3.9,16.8,2.8,52.5,748.3,70.9,8.03,0.26,1.03,0.05,0.49,4.26,0.55,0.59,8.89,0.0,1.01,190.92,57.8,0.12,2.48,39.1,0.17,192.0,190.9,15.5,1.68,91.5
443,443,string hopper kottu,408,12.5,3.5,4.7,2.6,50.1,4.2,18.7,2.8,47.8,703.9,70.2,7.27,0.31,0.91,0.05,0.54,4.63,0.69,0.5,6.7,0.0,1.37,224.04,58.8,0.12,2.16,47.5,0.16,218.7,224.0,21.0,1.77,94.1
444,444,egg kottu,389,12.6,3.5,4.9,2.3,46.4,4.3,25.5,3.0,90.0,761.0,68.0,8.09,0.24,0.9,1.89,0.73,5.86,0.77,0.85,7.97,1.2,1.04,242.29,62.0,0.12,2.52,44.8,0.17,229.7,242.3,20.4,2.16,110.2
445,445,pol sambol,114,4.7,0.8,1.8,1.4,13.7,3.8,3.2,4.2,5.2,573.8,91.6,9.05,0.13,0.95,0.05,0.15,1.63,0.23,0.2,17.49,0.0,0.67,222.46,30.2,0.12,2.36,46.1,0.25,100.3,222.5,8.6,0.88,83.0
446,446,lunu miris,269,9.7,2.3,3.5,2.1,33.3,3.7,16.4,4.2,39.4,456.7,77.7,10.56,0.23,0.97,0.05,0.51,4.29,0.62,0.53,12.78,0.0,0.93,265.0,48.3,0.16,2.64,40.1,0.21,173.0,265.0,15.5,1.93,107.2
447,447,seeni sambol,108,4.9,0.8,1.9,1.6,12.6,4.0,2.9,3.9,5.3,601.0,91.8,8.22,0.15,1.2,0.05,0.16,1.72,0.23,0.18,21.32,0.0,0.79,177.99,25.7,0.13,2.25,38.7,0.21,99.9,178.0,6.7,0.91,80.1
448,448,gotu kola sambol,107,5.3,0.8,1.8,1.5,12.6,4.2,3.0,4.0,4.8,593.6,91.5,9.27,0.14,1.29,0.05,0.14,1.67,0.21,0.19,19.26,0.0,0.83,173.92,29.1,0.14,2.04,40.5,0.27,113.1,173.9,8.3,1.0,78.8
449,449,mallung,268,10.2,2.5,3.4,2.0,31.0,4.0,16.1,3.8,40.6,434.4,77.5,10.04,0.22,1.32,0.05,0.41,3.53,0.62,0.57,10.13,0.0,1.33,229.01,47.5,0.14,2.3,38.5,0.23,225.4,229.0,17.7,1.76,98.9
450,450,parippu curry,293,12.4,3.9,4.2,2.3,31.5,4.8,15.1,6.8,31.2,593.4,75.5,14.52,0.19,1.55,0.05,0.47,3.17,0.5,0.5,15.02,0.0,1.21,277.96,52.6,0.19,3.3,62.2,0.38,175.0,278.0,15.8,1.61,121.5
451,451,dhal curry sri lankan,323,13.6,3.8,4.1,2.7,28.3,5.2,16.0,6.8,29.9,528.3,73.3,15.38,0.18,1.32,0.05,0.43,3.5,0.5,0.44,14.7,0.0,1.21,267.65,54.1,0.17,3.26,51.8,0.28,216.2,267.7,19.5,1.76,122.6
452,452,jackfruit curry,315,12.8,4.0,3.9,2.6,30.0,5.2,15.1,6.8,30.0,569.1,74.5,15.44,0.21,1.28,0.05,0.48,3.82,0.56,0.46,19.47,0.0,1.12,221.02,48.2,0.16,3.34,54.6,0.35,194.1,221.0,20.0,1.62,121.4
453,453,polos curry,319,12.9,4.2,3.9,2.4,29.5,5.0,15.5,7.4,28.3,540.8,74.2,13.0,0.19,1.67,0.05,0.46,3.41,0.59,0.51,19.19,0.0,1.43,306.36,60.7,0.18,4.07,53.8,0.42,174.4,306.4,14.2,1.56,130.6
454,454,kiri hodi,297,9.9,2.4,3.7,1.9,33.9,3.8,15.6,4.0,38.5,424.3,76.9,7.24,0.23,1.25,0.05,0.53,4.31,0.49,0.5,13.22,0.0,1.27,194.66,57.5,0.12,2.76,39.3,0.2,211.7,194.7,14.8,1.77,97.4
455,455,wambatu moju,290,10.3,2.4,3.7,1.9,29.8,4.2,16.6,4.0,37.3,450.3,76.5,7.25,0.18,0.92,0.05,0.44,3.55,0.63,0.57,11.22,0.0,1.02,214.28,46.3,0.12,2.42,51.0,0.26,174.2,214.3,14.6,1.84,98.2
456,456,brinjal moju,292,10.2,2.5,3.5,2.0,32.1,4.3,17.0,3.9,40.6,463.8,76.3,9.52,0.22,1.12,0.05,0.49,4.06,0.57,0.57,9.06,0.0,1.16,197.46,49.6,0.14,2.53,45.8,0.23,191.2,197.5,15.0,1.85,97.6
457,457,potato curry sri lankan,316,12.4,4.2,4.2,2.6,30.6,4.9,14.5,6.5,28.9,555.2,75.0,13.03,0.2,1.3,0.05,0.49,3.56,0.5,0.4,20.02,0.0,1.44,276.86,44.9,0.15,3.41,56.5,0.35,187.7,276.9,15.6,1.72,122.5
458,458,beetroot curry,309,13.8,4.2,4.0,2.4,28.7,5.3,14.3,7.5,28.5,576.6,74.3,13.36,0.17,1.24,0.05,0.44,3.06,0.49,0.5,18.09,0.0,1.39,230.72,39.9,0.19,3.35,62.3,0.36,208.7,230.7,18.3,1.82,120.5
459,459,pumpkin curry sri lankan,313,12.2,4.3,4.8,2.5,30.7,5.0,16.5,8.7,28.5,592.5,74.4,14.07,0.2,1.43,0.05,0.42,3.74,0.64,0.47,21.89,0.0,1.19,354.17,45.6,0.21,3.95,83.7,0.32,176.9,354.2,16.5,1.85,143.5
460,460,ash plantain curry,291,12.9,4.3,4.2,2.5,28.2,5.0,15.8,7.1,32.0,587.5,74.9,16.66,0.18,1.4,0.05,0.53,4.21,0.52,0.52,17.89,0.0,1.36,272.34,53.5,0.2,4.02,70.3,0.31,219.9,272.3,16.1,2.05,129.3
461,461,green bean curry sri lankan,301,13.9,4.3,3.7,2.5,31.3,4.8,15.7,7.1,31.4,538.0,74.0,16.54,0.2,1.18,0.05,0.42,3.87,0.52,0.53,16.81,0.0,1.24,271.16,44.4,0.18,4.13,51.9,0.32,225.4,271.2,19.8,1.61,128.1
462,462,cashew curry,309,12.1,4.2,3.8,2.4,31.6,5.0,16.0,7.1,29.6,587.4,74.8,12.85,0.21,1.18,0.05,0.43,3.67,0.53,0.44,13.92,0.0,1.37,334.47,52.8,0.19,3.23,75.1,0.39,208.9,334.5,14.2,1.64,126.2
463,463,soya curry sri lankan,294,13.9,3.9,4.1,2.6,29.4,5.1,14.0,7.4,29.3,692.2,74.9,15.04,0.23,1.45,0.05,0.47,3.2,0.45,0.44,22.75,0.0,1.12,254.02,50.3,0.19,4.11,57.7,0.3,198.1,254.0,17.2,1.78,128.5
464,464,ambul thiyal,264,10.1,2.6,3.3,2.1,32.7,4.1,16.7,3.9,40.0,437.0,77.4,9.38,0.2,1.25,0.05,0.46,4.59,0.53,0.49,9.25,0.0,0.95,185.75,44.4,0.14,2.29,40.4,0.23,179.4,185.8,20.3,1.97,95.6
465,465,fish ambul thiyal,283,10.3,2.5,3.3,2.0,34.0,4.0,24.3,4.2,72.0,448.3,73.6,7.5,0.19,1.0,1.85,0.6,4.62,0.84,0.65,9.56,2.09,1.19,226.85,74.3,0.13,2.57,51.8,0.29,240.6,226.8,28.5,2.45,112.4
466,466,fish curry sri lankan,319,12.1,4.2,4.3,2.5,29.9,5.3,21.9,7.4,62.6,568.1,72.2,17.2,0.22,1.51,1.77,0.61,5.34,0.72,0.69,20.96,1.62,0.98,297.1,72.0,0.19,3.59,64.7,0.38,252.1,297.1,22.8,2.49,144.3
467,467,devilled fish,299,10.2,2.5,3.5,2.1,33.3,4.0,24.7,4.0,75.4,466.1,73.0,7.23,0.2,1.08,1.87,0.73,5.93,0.76,0.8,13.19,3.67,1.16,215.77,64.3,0.15,2.78,50.5,0.26,214.3,215.8,28.8,2.25,114.7
468,468,devilled chicken,271,10.0,2.3,3.7,2.0,31.5,4.0,25.5,4.2,72.6,469.8,73.7,9.26,0.2,1.13,1.89,0.82,6.09,0.82,0.7,11.73,0.0,0.9,252.11,62.9,0.15,2.71,47.6,0.22,290.5,252.1,23.7,2.52,119.8
469,469,devilled prawns,268,10.3,2.4,3.6,2.1,29.9,3.8,24.8,3.9,76.7,460.8,73.9,8.28,0.22,0.98,1.87,0.63,4.81,0.87,0.68,10.72,0.0,1.14,267.41,83.1,0.16,3.07,43.4,0.21,270.4,267.4,29.3,2.78,118.0
470,470,chicken curry sri lankan,293,12.9,3.8,4.1,2.6,29.9,4.7,23.5,6.8,61.2,582.7,71.8,12.74,0.19,1.18,1.82,0.76,5.59,0.83,0.71,20.89,0.0,1.41,318.93,58.0,0.17,3.79,72.9,0.3,283.5,318.9,22.4,2.24,143.6
471,471,black pork curry,305,13.5,3.8,4.0,2.6,28.8,4.8,23.4,7.3,67.3,526.0,71.0,17.19,0.18,1.47,1.82,0.75,5.21,0.8,0.66,19.27,0.0,1.15,287.65,65.6,0.15,3.76,83.8,0.42,258.6,287.7,27.0,2.67,144.9
472,472,pork curry sri lankan,326,12.2,4.2,4.1,2.5,28.4,4.7,23.0,7.5,67.1,547.5,71.4,15.46,0.17,1.59,1.8,0.62,4.85,0.79,0.63,21.78,0.0,1.01,290.13,78.2,0.16,3.71,67.4,0.31,230.7,290.1,19.4,2.33,145.5
473,473,mutton curry sri lankan,292,12.7,3.9,3.7,2.7,29.3,5.1,24.2,7.4,65.9,587.6,71.7,13.81,0.17,1.26,1.85,0.65,5.98,0.68,0.64,21.08,0.0,1.12,311.33,77.7,0.2,4.05,81.7,0.4,254.1,311.3,26.2,2.25,148.1
474,474,lamprais,282,9.7,2.6,3.6,1.9,33.9,4.0,16.4,3.9,37.5,422.8,77.3,10.12,0.22,0.94,0.05,0.49,3.91,0.54,0.52,9.28,0.0,1.12,234.02,58.9,0.11,2.31,50.3,0.24,219.3,234.0,14.6,1.69,99.4
475,475,buriyani sri lankan,288,9.5,2.7,3.7,2.0,34.2,3.7,16.1,3.9,41.7,467.4,77.3,7.51,0.22,0.91,0.05,0.44,4.08,0.5,0.51,9.7,0.0,1.03,234.98,60.7,0.13,2.36,53.9,0.2,190.7,235.0,17.8,2.09,97.3
476,476,egg hoppers,276,9.6,2.4,3.3,1.9,32.6,3.8,24.6,3.8,70.2,481.4,74.3,9.28,0.23,1.18,1.86,0.62,4.96,0.87,0.73,11.13,2.93,1.22,220.83,58.3,0.12,2.45,58.4,0.26,273.9,220.8,23.8,2.54,113.2
477,477,appa,287,9.9,2.4,3.6,1.9,31.3,4.2,16.8,4.1,39.9,478.3,76.8,8.73,0.19,1.1,0.05,0.45,4.36,0.63,0.56,11.13,0.0,0.97,187.73,49.0,0.13,2.39,54.2,0.24,216.5,187.7,18.1,1.77,97.8
478,478,string hoppers,269,9.6,2.6,3.7,2.1,31.0,4.0,15.9,3.8,41.6,459.1,78.0,8.06,0.23,1.13,0.05,0.5,3.44,0.51,0.48,9.08,0.0,0.9,255.13,52.1,0.13,2.45,38.5,0.28,171.4,255.1,15.9,1.67,98.5
479,479,idiyappam sri lankan,255,6.4,1.6,2.0,1.6,40.2,2.0,8.5,2.8,10.6,292.7,83.6,7.26,0.24,1.05,0.05,0.25,2.3,0.32,0.3,9.22,0.0,0.79,178.32,38.3,0.13,2.09,42.4,0.2,137.8,178.3,12.4,1.45,75.0
480,480,pittu,234,6.3,1.5,2.1,1.5,38.0,2.0,8.1,3.1,9.4,316.6,84.6,6.46,0.26,0.92,0.05,0.27,2.82,0.31,0.32,10.86,0.0,0.86,229.22,39.6,0.11,1.83,33.3,0.24,137.2,229.2,12.1,1.41,79.3
481,481,roti sri lankan,253,5.7,1.6,2.0,1.4,36.7,2.0,8.3,3.2,9.6,299.0,84.3,6.75,0.2,1.16,0.05,0.31,2.81,0.36,0.35,10.34,0.0,0.97,213.51,36.6,0.11,2.17,30.0,0.23,159.4,213.5,11.9,1.15,79.4
482,482,pol roti,248,6.4,1.5,2.0,1.4,39.7,1.9,7.5,2.9,10.5,287.3,84.3,6.31,0.21,1.01,0.05,0.28,2.02,0.36,0.31,7.75,0.0,0.97,162.03,39.7,0.12,2.1,40.0,0.17,132.7,162.0,8.9,1.11,70.2
483,483,paratha sri lankan,252,5.9,1.4,1.9,1.4,37.5,2.0,8.2,2.9,10.3,309.0,84.2,7.92,0.23,1.19,0.05,0.29,2.82,0.36,0.29,8.1,0.0,0.97,174.07,38.8,0.11,1.98,31.2,0.23,138.9,174.1,12.1,1.44,73.7
484,484,godamba roti,250,6.3,1.4,1.9,1.6,37.8,1.9,8.1,3.1,9.5,281.3,84.0,8.0,0.23,1.2,0.05,0.29,2.38,0.37,0.32,10.28,0.0,0.72,159.65,41.6,0.14,1.93,30.4,0.24,143.0,159.6,11.7,1.11,74.9
485,485,egg roti sri lankan,241,5.7,1.4,2.0,1.6,35.6,2.0,16.8,2.8,46.8,308.3,81.3,5.72,0.2,1.0,1.59,0.49,4.18,0.5,0.56,8.11,2.79,1.0,166.32,43.5,0.1,1.9,45.5,0.16,209.7,166.3,17.1,2.02,85.6
486,486,vegetable roti,250,6.1,1.4,2.4,1.6,35.9,2.1,9.0,4.9,10.4,310.4,83.8,10.78,0.24,1.43,0.05,0.29,2.76,0.41,0.33,20.41,0.0,0.79,250.76,38.8,0.13,2.88,47.5,0.25,147.4,250.8,10.5,1.46,102.8
487,487,fish cutlet,243,13.2,2.3,4.4,2.8,26.8,2.8,15.2,2.8,53.2,414.7,76.6,6.33,0.18,0.97,1.53,0.46,3.77,0.52,0.49,7.07,0.77,1.17,163.89,46.8,0.13,2.07,46.4,0.22,190.3,163.9,18.6,1.83,82.6
488,488,vegetable cutlet,234,12.5,2.5,5.2,3.0,27.4,3.1,7.5,5.1,20.4,456.4,80.5,12.46,0.17,1.0,0.05,0.25,2.02,0.3,0.28,27.07,0.0,1.06,267.11,35.3,0.13,2.87,41.9,0.32,135.2,267.1,11.0,1.38,108.7
489,489,rolls sri lankan,251,12.8,2.6,4.5,2.8,26.1,2.9,6.6,3.1,20.3,417.7,80.1,6.29,0.19,1.12,0.05,0.26,2.12,0.28,0.24,8.43,0.0,1.38,216.81,36.1,0.13,1.87,33.0,0.23,126.8,216.8,11.6,1.09,73.8
490,490,egg roll sri lankan,267,12.8,2.4,4.7,3.1,28.4,2.8,14.8,2.9,56.4,420.4,76.2,7.41,0.18,1.22,1.52,0.51,3.14,0.46,0.45,7.98,1.26,1.16,206.07,55.8,0.12,2.45,45.8,0.22,186.7,206.1,16.8,1.57,88.2
491,491,vadai sri lankan,267,12.7,2.7,4.5,3.1,25.3,3.1,6.5,3.1,18.8,451.2,79.6,6.48,0.2,0.92,0.05,0.26,2.08,0.34,0.24,7.96,0.0,1.37,205.19,29.4,0.11,1.8,29.9,0.22,145.8,205.2,11.4,1.17,72.4
492,492,ulundu vadai,254,12.5,2.5,4.6,2.9,25.9,3.0,6.8,2.9,21.1,451.4,80.1,7.52,0.21,1.2,0.05,0.26,2.23,0.35,0.26,7.88,0.0,1.23,209.36,32.4,0.13,2.2,40.4,0.16,132.1,209.4,12.5,1.01,74.3
493,493,isso vadai,236,13.5,2.4,4.3,3.0,28.6,2.9,6.9,3.0,20.6,415.8,79.9,6.47,0.22,0.88,0.05,0.27,2.18,0.27,0.28,7.35,0.0,1.24,207.95,28.8,0.1,1.9,29.4,0.17,149.4,207.9,9.6,1.2,72.6
494,494,parippu vadai,240,12.8,2.5,4.7,3.0,28.0,3.0,6.7,3.1,21.2,436.4,80.3,7.28,0.17,1.03,0.05,0.23,2.15,0.28,0.3,9.67,0.0,1.45,176.75,33.6,0.12,2.2,40.5,0.22,157.8,176.8,10.3,1.13,73.4
495,495,manioc chips,277,10.4,2.3,3.6,1.9,30.3,4.2,14.9,3.7,38.3,480.9,77.5,8.43,0.18,1.05,0.05,0.51,3.23,0.58,0.41,8.47,0.0,1.1,244.8,54.7,0.11,2.24,40.5,0.27,182.1,244.8,17.0,1.58,95.2
496,496,cassava curry,313,13.0,4.2,4.0,2.5,31.7,5.1,16.0,7.3,29.1,596.3,74.1,12.23,0.19,1.42,0.05,0.52,4.45,0.6,0.48,15.74,0.0,1.46,241.2,57.0,0.19,3.66,57.0,0.38,209.0,241.2,15.0,1.75,121.7
497,497,devilled mushrooms,287,9.3,2.6,4.0,2.1,32.4,3.8,16.5,6.1,42.4,463.5,77.3,12.07,0.19,1.44,0.05,0.48,4.09,0.57,0.58,14.73,0.0,1.11,280.56,60.8,0.18,3.66,61.8,0.34,212.2,280.6,20.1,2.05,120.3
498,498,seeni sambol bun,104,5.0,0.8,1.9,1.5,13.2,4.0,2.9,4.0,4.9,622.9,91.9,10.24,0.14,1.25,0.05,0.17,1.72,0.25,0.15,24.42,0.0,0.9,208.06,28.6,0.16,2.24,38.4,0.29,92.8,208.1,5.9,0.92,86.9
499,499,fish bun,266,10.2,2.5,3.5,2.1,32.6,3.8,23.0,4.0,80.2,432.9,74.8,9.24,0.2,1.2,1.81,0.74,5.38,0.81,0.68,11.73,2.33,0.9,277.12,60.4,0.11,2.66,51.6,0.26,273.1,277.1,24.1,2.27,116.9
500,500,vegetable bun,262,10.4,2.6,3.9,2.1,32.2,3.8,17.4,5.7,40.3,454.6,77.0,10.9,0.22,1.46,0.05,0.47,4.21,0.64,0.47,28.49,0.0,1.3,285.08,61.5,0.15,3.06,66.9,0.25,226.3,285.1,18.1,1.71,129.3
501,501,watalappam,243,6.2,1.6,1.9,1.6,39.9,2.1,7.6,3.1,9.3,307.0,84.5,7.32,0.25,1.22,0.05,0.26,2.73,0.3,0.33,8.33,0.0,0.77,181.61,30.9,0.13,2.28,41.4,0.17,156.7,181.6,9.1,1.29,74.6
502,502,kokis,264,10.2,2.4,3.6,1.9,31.6,3.8,16.3,3.8,40.5,446.4,77.6,8.21,0.18,1.21,0.05,0.45,3.67,0.48,0.51,10.13,0.0,1.01,230.05,57.1,0.13,2.27,45.4,0.27,208.3,230.0,16.9,1.87,97.8
503,503,kavum,264,10.5,2.6,3.7,2.1,33.9,4.3,16.1,4.2,37.6,467.5,77.4,7.45,0.24,1.22,0.05,0.45,4.46,0.5,0.5,9.0,0.0,0.97,267.72,49.3,0.17,2.45,57.3,0.24,196.0,267.7,17.7,1.67,101.0
504,504,athirasa,299,10.6,2.6,3.3,1.9,31.5,3.8,15.8,4.2,42.7,438.5,76.3,8.99,0.21,1.35,0.05,0.46,3.49,0.54,0.55,11.45,0.0,1.05,185.45,56.3,0.12,2.72,39.8,0.28,184.0,185.4,19.9,1.77,97.5
505,505,aluwa,272,9.4,2.5,3.6,2.1,31.5,4.0,17.0,4.2,41.3,450.0,77.6,9.23,0.23,0.94,0.05,0.55,4.22,0.64,0.59,11.8,0.0,1.2,229.2,47.3,0.14,3.09,43.2,0.25,214.6,229.2,20.3,1.95,104.5
506,506,pani pol,270,9.9,2.6,3.7,2.0,33.7,4.2,15.3,4.1,39.0,420.3,78.0,8.0,0.23,1.34,0.05,0.4,4.07,0.55,0.51,10.63,0.0,1.17,249.5,49.6,0.15,2.54,56.1,0.22,186.0,249.5,14.8,1.92,99.5
507,507,pani pol roti,235,5.6,1.5,1.9,1.6,36.3,2.0,7.8,2.9,10.7,307.5,85.1,7.29,0.19,0.96,0.05,0.32,2.72,0.36,0.29,6.84,0.0,0.69,194.08,41.8,0.1,2.04,33.1,0.19,136.2,194.1,9.2,1.28,73.2
508,508,curd and treacle,291,9.7,2.5,3.6,1.9,32.2,3.7,15.2,4.2,37.4,439.3,77.4,7.46,0.22,1.24,0.05,0.48,3.79,0.61,0.5,12.36,0.0,1.08,239.76,111.2,0.17,2.53,52.8,0.25,198.2,239.8,15.7,1.74,100.0
509,509,wood apple drink,282,9.9,2.6,3.7,2.1,31.7,3.9,15.3,4.2,39.4,443.1,77.5,8.06,0.22,1.21,0.05,0.4,3.88,0.5,0.52,13.9,0.0,0.91,264.18,60.1,0.14,2.69,46.1,0.21,198.7,264.2,17.3,1.89,104.2
510,510,faluda sri lankan,266,10.5,2.4,3.5,2.0,33.1,4.2,16.1,4.1,37.2,459.0,77.4,9.63,0.23,1.07,0.05,0.51,4.34,0.58,0.56,12.43,0.0,1.08,196.68,48.6,0.14,2.27,51.7,0.21,221.0,196.7,19.6,2.02,98.7
511,511,ginger beer sri lankan,271,9.6,2.5,3.5,2.0,30.4,4.2,16.2,3.8,38.6,478.5,77.8,9.12,0.22,1.26,0.05,0.53,4.31,0.51,0.57,10.65,0.0,1.25,244.48,44.2,0.13,2.36,50.6,0.27,178.1,244.5,19.6,2.08,100.3
512,512,milk tea sri lankan,267,10.6,2.5,3.7,1.9,34.0,3.8,16.4,3.9,40.6,461.7,77.1,7.27,0.24,1.31,1.58,0.43,4.21,0.54,0.44,11.38,2.17,1.34,198.66,136.0,0.11,2.44,47.5,0.25,219.3,198.7,15.9,1.92,96.6
513,513,pol sambol rice,104,5.1,0.8,1.8,1.6,12.3,4.0,3.0,3.7,5.0,617.2,91.7,8.64,0.12,0.9,0.05,0.17,1.41,0.21,0.17,19.77,0.0,0.75,220.18,21.9,0.15,2.1,41.7,0.26,107.4,220.2,7.5,0.84,81.8
514,514,jackfruit rice,386,12.6,2.8,4.8,2.4,55.6,3.1,14.3,2.8,58.5,645.4,72.6,5.55,0.29,1.01,0.05,0.45,4.05,0.45,0.47,8.13,0.0,1.03,228.07,41.4,0.12,2.0,34.6,0.23,192.4,228.1,15.4,1.53,86.4
515,515,yellow rice sri lankan,370,11.7,3.1,4.7,2.5,49.7,2.9,14.5,3.0,57.3,615.6,73.6,6.94,0.26,0.9,0.05,0.44,3.44,0.49,0.5,9.33,0.0,1.22,176.94,50.8,0.15,2.41,38.6,0.22,197.1,176.9,14.2,1.95,86.4
516,516,fried rice sri lankan,465,18.1,4.7,4.5,2.4,50.3,3.1,14.7,2.8,57.3,608.9,65.9,6.04,0.29,0.91,0.05,0.51,3.25,0.58,0.52,9.51,0.0,1.78,204.49,41.0,0.1,2.05,33.2,0.17,212.9,204.5,14.7,1.52,86.8
517,517,nasi goreng sri lankan,379,12.6,3.0,4.4,2.5,56.7,3.0,14.0,3.1,58.8,595.9,72.9,7.2,0.32,1.03,0.05,0.49,3.67,0.45,0.38,8.33,0.0,1.26,177.87,41.6,0.12,2.06,49.6,0.21,206.5,177.9,16.5,1.84,84.6
518,518,string hopper biryani,403,11.5,2.8,4.3,2.4,55.5,2.8,13.6,2.8,54.1,577.3,73.1,5.69,0.28,0.93,0.05,0.38,3.68,0.49,0.38,6.85,0.0,1.18,217.72,39.4,0.12,2.31,46.4,0.2,174.7,217.7,15.0,1.72,84.3
519,519,kacchi biryani,389,11.8,3.2,4.8,2.4,53.9,3.0,14.5,3.1,54.6,654.7,73.0,7.38,0.32,1.0,0.05,0.45,3.27,0.5,0.41,8.62,0.0,1.0,241.7,43.2,0.14,2.39,49.1,0.22,217.5,241.7,19.5,1.63,91.6
520,520,tehari bangladeshi,267,10.1,2.5,3.6,2.1,33.7,4.3,16.5,4.2,40.9,455.4,77.4,9.6,0.2,1.16,0.05,0.45,3.58,0.59,0.54,9.74,0.0,1.14,249.69,46.7,0.15,2.52,47.4,0.24,208.0,249.7,21.0,1.7,102.4
521,521,morog polao,292,9.7,2.7,3.5,1.9,30.9,4.2,16.6,4.1,41.3,429.9,76.8,8.72,0.22,1.29,0.05,0.49,3.62,0.51,0.45,8.51,0.0,0.97,210.68,52.6,0.14,2.64,41.1,0.24,222.7,210.7,18.9,1.9,97.7
522,522,bhuna khichuri,296,9.6,2.4,3.7,2.1,30.2,4.2,15.8,4.2,42.0,453.0,77.1,7.89,0.22,1.03,0.05,0.48,3.96,0.62,0.55,11.26,0.0,1.08,197.9,48.4,0.13,2.84,52.4,0.23,194.7,197.9,18.6,1.75,97.6
523,523,khichuri bangladeshi,263,10.5,2.6,3.7,2.1,30.7,3.9,15.6,4.2,40.8,469.8,77.7,10.51,0.21,0.96,0.05,0.41,4.18,0.48,0.45,12.61,0.0,1.31,213.57,41.4,0.12,2.73,54.1,0.27,199.4,213.6,14.1,1.68,101.7
524,524,ilish bhapa,279,10.2,2.6,3.3,2.0,30.6,3.7,15.8,4.0,38.4,455.9,77.2,7.34,0.23,0.96,0.05,0.41,3.44,0.49,0.45,8.71,0.0,1.2,186.63,50.8,0.14,2.71,39.1,0.25,209.7,186.6,14.9,1.75,93.4
525,525,ilish curry,294,12.4,3.8,4.1,2.5,30.9,5.1,15.9,7.3,31.8,536.3,75.2,15.04,0.22,1.12,0.05,0.49,3.78,0.52,0.5,19.4,0.0,1.22,258.03,58.2,0.21,3.29,70.8,0.32,176.2,258.0,19.8,1.91,126.8
526,526,ilish paturi,285,9.5,2.4,3.3,2.0,34.2,3.8,15.5,3.8,41.9,455.8,77.6,9.12,0.21,1.31,0.05,0.5,4.18,0.47,0.52,11.15,0.0,1.2,183.97,54.5,0.14,2.23,50.0,0.23,164.3,184.0,20.7,1.58,94.2
527,527,shorshe ilish,271,9.9,2.5,3.4,2.0,31.1,4.2,15.4,3.7,42.5,474.5,77.9,9.28,0.18,1.31,0.05,0.52,3.68,0.51,0.43,8.84,0.0,1.09,176.3,52.7,0.11,2.65,54.5,0.22,212.8,176.3,15.4,1.58,92.4
528,528,rui mach curry,301,13.3,4.2,3.9,2.4,31.5,5.2,15.4,7.1,28.8,576.5,74.5,12.92,0.19,1.17,0.05,0.48,4.23,0.52,0.48,21.37,0.0,1.37,264.98,58.8,0.17,3.2,61.6,0.37,228.6,265.0,16.8,1.6,125.8
529,529,macher jhol bangladeshi,270,10.0,2.4,3.7,1.9,31.7,3.8,16.1,4.2,41.7,450.9,77.6,7.39,0.18,1.32,0.05,0.53,3.97,0.49,0.49,12.6,0.0,0.92,195.02,52.6,0.14,2.67,54.7,0.26,193.6,195.0,14.5,1.95,98.2
530,530,chitol muitha,299,10.3,2.5,3.4,1.9,31.8,3.9,15.9,3.8,37.6,421.5,76.5,9.81,0.2,1.12,0.05,0.45,3.63,0.6,0.45,11.53,0.0,0.9,199.32,45.2,0.14,2.57,44.3,0.23,191.9,199.3,14.4,1.61,98.0
531,531,prawn malai curry,289,17.2,6.1,4.2,2.4,29.6,5.2,24.4,6.9,82.1,555.1,68.6,13.21,0.22,1.13,1.85,0.71,5.42,0.83,0.75,17.05,0.0,1.25,328.29,66.0,0.18,3.62,64.5,0.36,280.5,328.3,20.1,2.47,143.2
532,532,chingri bhorta,287,9.5,2.4,3.3,2.0,32.4,4.0,17.0,3.8,41.2,466.2,77.0,9.59,0.22,1.0,0.05,0.43,3.75,0.66,0.46,11.73,0.0,0.87,212.31,54.0,0.15,2.39,53.6,0.26,226.8,212.3,19.4,2.17,100.0
533,533,shutki bhorta,285,10.2,2.4,3.5,2.1,33.4,3.9,16.1,3.9,39.5,442.6,76.9,7.22,0.2,1.02,0.05,0.42,3.88,0.51,0.46,8.83,0.0,1.03,266.21,57.2,0.16,2.69,49.1,0.24,221.5,266.2,17.5,1.56,99.9
534,534,aloo bhorta,288,10.6,2.4,3.5,2.1,32.7,3.7,15.9,4.0,41.8,452.6,76.6,7.66,0.18,0.92,0.05,0.43,4.06,0.47,0.54,11.51,0.0,0.95,230.42,60.9,0.17,2.83,42.7,0.26,211.5,230.4,18.4,2.02,100.0
535,535,begun bhorta,291,9.9,2.4,3.3,2.1,34.1,4.1,16.1,4.1,42.6,477.0,76.9,8.95,0.24,1.28,0.05,0.55,4.4,0.62,0.47,8.97,0.0,1.21,226.06,60.1,0.13,2.64,56.5,0.25,192.8,226.1,17.4,1.56,98.6
536,536,dal bhorta,296,13.6,3.9,3.7,2.5,29.9,4.7,15.7,7.3,29.5,527.5,74.4,15.02,0.18,1.47,0.05,0.41,3.44,0.61,0.52,18.96,0.0,1.47,302.78,49.9,0.22,3.37,70.1,0.34,228.2,302.8,20.0,1.89,130.2
537,537,tomato bhorta,262,9.4,2.4,3.6,1.9,33.3,4.2,15.8,3.9,37.4,475.2,78.4,9.15,0.19,1.02,0.05,0.53,4.07,0.56,0.47,19.36,0.0,0.89,256.39,53.3,0.16,2.69,49.9,0.21,201.8,256.4,20.7,1.92,108.7
538,538,mixed bhorta,271,10.2,2.5,3.4,1.9,32.5,3.7,15.9,3.9,37.6,419.2,77.5,8.83,0.18,0.95,0.05,0.55,3.69,0.59,0.55,10.08,0.0,1.13,222.06,51.8,0.14,2.78,41.9,0.24,197.6,222.1,18.5,2.02,98.5
539,539,beef bhuna,266,9.7,2.5,3.7,2.1,31.8,4.0,23.7,4.1,70.4,437.4,74.9,7.9,0.23,1.16,1.83,0.73,5.63,0.71,0.75,11.5,0.0,1.22,225.5,77.6,0.15,2.49,48.1,0.26,270.4,225.5,28.6,2.04,112.4
540,540,kala bhuna,270,10.1,2.4,3.4,2.1,29.9,3.8,16.9,3.9,38.9,427.6,77.2,7.3,0.18,1.03,0.05,0.43,3.67,0.54,0.45,10.88,0.0,1.06,202.01,59.3,0.14,2.9,52.7,0.26,179.0,202.0,18.8,2.03,98.3
541,541,mezbani beef,285,10.1,2.7,3.6,2.1,31.8,4.0,22.6,3.8,72.6,451.1,74.4,10.06,0.23,1.25,1.79,0.67,5.71,0.74,0.76,10.52,0.0,1.16,273.17,73.3,0.12,3.07,49.8,0.24,231.8,273.2,22.0,2.16,115.7
542,542,rezala bangladeshi,295,9.4,2.4,3.4,1.9,32.7,3.8,16.3,4.1,41.0,422.2,77.1,9.69,0.21,1.07,0.05,0.52,3.79,0.59,0.48,8.7,0.0,0.89,209.92,43.3,0.16,2.68,53.9,0.27,179.1,209.9,17.4,1.95,98.3
543,543,chicken roast bangladeshi,265,10.0,2.4,3.4,1.9,31.9,3.7,24.3,4.1,72.9,427.1,74.4,9.05,0.21,0.98,1.85,0.65,5.18,0.73,0.79,12.55,0.0,1.21,270.3,66.8,0.14,2.45,61.2,0.22,210.1,270.3,22.6,2.35,118.7
544,544,korma bangladeshi,304,13.5,3.9,4.2,2.5,31.2,4.9,14.6,6.7,31.2,583.9,74.6,10.9,0.18,1.53,0.05,0.43,3.96,0.57,0.51,19.77,0.0,1.14,222.06,53.2,0.15,3.41,56.3,0.35,178.8,222.1,18.0,1.81,117.2
545,545,murg musallam,267,9.6,2.4,3.4,2.1,33.3,4.0,16.9,4.1,39.9,443.8,77.7,9.93,0.22,1.08,0.05,0.44,3.64,0.61,0.46,10.34,0.0,1.28,271.32,63.5,0.14,2.67,46.8,0.2,215.9,271.3,14.9,1.87,105.6
546,546,duck curry bangladeshi,311,12.8,4.1,4.3,2.4,31.6,4.8,23.3,7.4,64.5,582.4,71.4,11.79,0.22,1.36,0.05,0.76,5.05,0.68,0.61,21.22,0.0,1.05,267.72,77.8,0.16,4.02,63.1,0.4,243.9,267.7,22.2,2.39,141.5
547,547,vegetable bhaji,276,10.4,2.3,4.0,2.1,32.6,3.9,16.4,6.0,38.9,426.3,77.0,12.5,0.23,1.28,0.05,0.55,3.8,0.6,0.58,19.51,0.0,1.2,300.78,48.8,0.16,3.47,54.5,0.27,181.2,300.8,15.3,2.1,125.3
548,548,lau ghonto,266,10.3,2.5,3.6,2.0,33.1,4.3,16.4,4.1,41.8,423.8,77.3,8.7,0.23,1.24,0.05,0.45,3.71,0.58,0.55,10.89,0.0,0.91,240.05,54.0,0.13,2.37,40.2,0.24,211.8,240.1,14.9,2.04,100.9
549,549,shukto,284,9.8,2.4,3.3,2.0,32.6,3.7,16.2,4.2,38.5,463.8,77.1,9.09,0.19,1.19,0.05,0.45,4.33,0.62,0.43,13.16,0.0,1.25,264.28,57.5,0.14,2.84,46.8,0.24,184.5,264.3,20.5,1.75,106.2
550,550,dal puri bangladeshi,296,12.6,4.2,4.3,2.4,29.7,5.2,14.4,7.0,29.4,526.0,75.6,14.53,0.18,1.47,0.05,0.45,3.07,0.54,0.5,20.1,0.0,1.34,301.33,50.7,0.16,3.57,61.7,0.37,212.9,301.3,18.5,1.74,127.8
551,551,singara bangladeshi,277,10.1,2.5,3.3,2.1,32.9,3.8,17.1,3.9,40.4,426.9,76.8,8.55,0.2,1.09,0.05,0.45,3.93,0.5,0.46,11.78,0.0,1.15,232.63,51.6,0.12,2.41,56.0,0.27,211.9,232.6,16.2,1.75,101.6
552,552,samosa bangladeshi,303,17.0,4.3,4.8,3.1,27.0,3.0,7.3,3.2,20.2,459.1,75.1,7.47,0.19,0.86,0.05,0.27,2.61,0.3,0.25,10.43,0.0,1.23,223.46,40.0,0.1,2.22,35.1,0.21,139.6,223.5,10.9,1.26,79.3
553,553,beguni,287,10.1,2.6,3.5,2.0,29.8,3.8,15.5,3.9,41.7,436.7,77.2,10.13,0.18,1.14,0.05,0.53,3.97,0.56,0.43,10.7,0.0,0.9,254.3,49.5,0.15,2.84,49.7,0.21,182.4,254.3,18.1,1.97,102.3
554,554,peyaju,291,9.3,2.4,3.6,1.9,33.5,3.9,15.3,3.9,41.8,477.9,77.6,10.25,0.22,1.09,0.05,0.4,3.21,0.56,0.47,13.15,0.0,1.13,185.01,42.3,0.11,2.67,54.7,0.22,166.8,185.0,19.6,2.03,97.9
555,555,aloo chop bangladeshi,269,9.7,2.6,3.5,1.9,32.5,4.2,16.2,4.2,39.8,451.4,77.8,7.3,0.23,1.25,0.05,0.47,3.97,0.52,0.45,11.33,0.0,1.11,228.98,45.3,0.15,2.89,49.3,0.25,200.0,229.0,18.9,1.62,100.5
556,556,fuchka,281,10.3,2.5,3.6,1.9,29.9,4.2,15.8,3.9,41.9,454.4,77.1,10.05,0.17,1.16,0.05,0.42,4.36,0.49,0.55,12.03,0.0,1.05,227.04,54.4,0.14,2.82,41.4,0.19,223.6,227.0,14.2,2.05,101.5
557,557,chotpoti,296,9.8,2.4,3.3,2.0,31.3,3.9,17.0,4.0,39.8,463.0,76.5,9.36,0.18,1.03,0.05,0.52,4.41,0.51,0.55,12.55,0.0,1.11,265.64,56.4,0.14,2.96,47.3,0.21,180.0,265.6,17.4,1.94,107.1
558,558,jhalmuri,278,10.4,2.6,3.7,1.9,33.0,3.9,15.2,4.2,39.1,437.0,77.4,9.06,0.23,1.05,0.05,0.5,3.31,0.58,0.43,13.13,0.0,1.07,261.57,54.6,0.12,2.83,39.7,0.24,216.4,261.6,16.5,2.0,104.2
559,559,doi fuchka,278,9.6,2.4,3.7,2.0,30.6,3.8,16.1,3.9,41.2,468.1,77.5,6.93,0.18,1.12,0.05,0.55,4.28,0.5,0.53,11.74,0.0,0.96,220.89,50.6,0.13,2.9,55.5,0.26,188.5,220.9,14.7,1.75,99.0
560,560,haleem bangladeshi,282,10.3,2.7,3.3,2.0,34.1,4.1,16.8,4.2,37.8,469.9,76.7,7.65,0.2,0.95,0.05,0.56,4.31,0.52,0.57,12.93,0.0,0.92,271.37,47.1,0.12,2.35,48.1,0.23,171.9,271.4,16.6,1.99,105.3
561,561,panta bhat,299,9.4,2.5,3.6,2.0,31.2,3.9,16.7,3.8,40.4,448.0,76.8,8.77,0.21,1.27,0.05,0.48,3.56,0.53,0.59,11.74,0.0,1.03,249.35,63.2,0.15,2.56,40.6,0.23,217.2,249.4,15.3,2.09,102.4
562,562,panta ilish,289,9.4,2.4,3.3,2.0,32.3,4.1,15.4,3.8,39.8,437.2,77.6,10.1,0.23,1.21,0.05,0.46,3.79,0.6,0.45,12.34,0.0,0.92,223.77,48.8,0.12,2.56,37.9,0.23,173.5,223.8,20.7,2.04,99.8
563,563,bhapa pitha,264,9.5,5.0,2.5,0.9,37.0,24.0,5.3,1.0,20.4,125.9,82.4,3.63,0.2,0.72,0.05,0.2,1.92,0.28,0.22,3.33,0.0,1.01,154.96,28.8,0.09,1.26,21.6,0.12,143.6,155.0,9.4,1.02,51.8
564,564,chitai pitha,259,8.5,5.0,2.6,0.8,38.9,25.4,5.3,0.9,18.8,113.3,83.3,4.01,0.27,0.73,0.05,0.24,1.67,0.27,0.22,4.98,0.0,1.08,166.28,33.0,0.08,1.08,26.0,0.13,118.4,166.3,10.8,1.13,53.5
565,565,patishapta,264,9.5,2.3,3.3,1.9,31.7,3.9,16.7,4.0,42.1,422.2,77.9,7.65,0.2,1.26,0.05,0.56,3.49,0.5,0.47,12.08,0.0,0.94,183.68,63.3,0.15,2.78,43.8,0.25,206.1,183.7,16.7,2.12,97.9
566,566,puli pitha,250,9.3,5.1,2.6,0.8,38.3,26.5,5.1,1.0,19.6,112.1,83.1,3.32,0.25,0.73,0.05,0.18,1.86,0.32,0.24,5.22,0.0,1.18,144.27,32.6,0.1,1.09,22.7,0.16,144.2,144.3,9.1,1.12,51.4
567,567,dudh puli,290,9.4,2.5,3.6,2.1,34.0,4.3,15.6,4.1,42.2,479.0,77.5,8.41,0.23,1.01,0.05,0.45,3.89,0.48,0.47,8.59,0.0,0.88,253.54,52.7,0.15,2.73,45.9,0.24,216.5,253.5,14.4,1.82,99.5
568,568,rasmalai bangladeshi,289,15.0,4.2,3.6,1.9,31.9,3.9,16.4,4.1,63.8,460.2,73.4,9.26,0.19,1.17,0.05,0.56,3.8,0.51,0.43,11.02,0.0,1.33,200.89,45.6,0.13,2.43,51.3,0.28,181.6,200.9,17.2,1.71,98.7
569,569,mishti doi bangladeshi,296,9.6,2.4,3.5,1.9,30.0,3.8,17.0,4.1,38.0,468.2,76.7,8.3,0.22,0.93,0.05,0.54,3.49,0.5,0.59,10.62,0.0,1.15,196.25,43.3,0.16,2.7,57.3,0.24,185.6,196.3,21.6,1.66,98.9
570,570,chomchom,276,9.6,2.4,3.7,1.9,32.8,4.3,16.9,4.0,41.4,481.2,77.3,8.96,0.24,1.1,0.05,0.56,4.49,0.5,0.54,11.25,0.0,1.04,260.16,44.1,0.16,2.41,51.8,0.28,218.8,260.2,15.9,1.81,103.7
571,571,roshogolla bangladeshi,281,9.4,2.5,3.5,1.9,32.4,3.7,15.9,3.8,39.1,428.7,77.7,9.13,0.21,0.96,0.05,0.47,4.39,0.48,0.54,11.46,0.0,0.92,225.39,60.2,0.15,2.53,54.2,0.25,204.9,225.4,17.2,1.96,99.0
572,572,sandesh bangladeshi,280,9.6,2.5,3.5,1.9,32.4,3.9,16.6,4.1,39.8,462.9,77.3,7.52,0.21,0.92,0.05,0.43,4.57,0.54,0.47,11.23,0.0,1.21,263.29,47.1,0.14,2.55,57.4,0.24,203.4,263.3,20.5,1.73,103.0
573,573,kheer sagar,266,8.8,4.7,2.4,0.8,36.2,34.2,4.8,0.9,20.1,121.9,83.1,3.65,0.23,0.99,0.05,0.18,1.95,0.24,0.2,3.61,0.0,1.02,172.96,26.1,0.08,1.34,23.7,0.11,123.1,173.0,8.3,1.07,52.4
574,574,payesh bangladeshi,268,9.3,2.4,3.6,1.9,29.9,3.8,15.0,4.2,41.1,432.3,78.5,7.86,0.21,1.14,0.05,0.5,3.29,0.58,0.44,12.57,0.0,0.86,242.89,42.6,0.12,2.53,39.5,0.22,171.4,242.9,19.2,1.67,100.4
575,575,firni bangladeshi,291,9.6,2.6,3.5,2.0,33.8,3.8,16.1,3.8,37.6,419.9,77.1,7.31,0.22,1.07,0.05,0.54,4.11,0.59,0.5,9.72,0.0,1.12,250.63,45.1,0.15,2.55,39.7,0.26,181.9,250.6,19.6,2.0,98.7
576,576,shemai,263,9.8,2.4,3.5,2.1,30.7,3.8,16.0,4.0,39.3,453.6,78.0,8.34,0.22,1.27,0.05,0.54,3.83,0.59,0.56,10.17,0.0,1.18,247.52,43.3,0.14,2.52,45.1,0.22,183.0,247.5,16.0,1.9,100.1
577,577,falooda bangladeshi,278,9.9,2.7,3.6,2.0,30.6,3.8,15.8,3.7,40.8,442.2,77.5,8.18,0.18,0.95,0.05,0.42,4.29,0.48,0.46,8.39,0.0,0.97,188.17,44.1,0.15,2.38,49.1,0.25,181.1,188.2,18.9,2.0,92.2
578,578,borhani,285,10.6,2.5,3.5,2.1,34.0,4.1,16.5,4.2,38.0,433.6,76.4,8.51,0.24,0.95,0.05,0.51,4.19,0.52,0.47,10.42,0.0,1.02,188.82,63.0,0.17,3.06,58.8,0.22,192.4,188.8,18.5,1.7,98.9
579,579,lassi bangladeshi,271,9.6,2.6,3.7,1.9,30.1,4.2,16.8,4.0,39.5,442.1,77.6,9.6,0.19,1.11,0.05,0.53,4.52,0.58,0.48,9.92,0.0,1.06,266.23,62.0,0.16,2.44,53.8,0.28,208.0,266.2,17.4,1.73,103.6
580,580,chicken karahi,275,10.0,2.6,3.4,2.1,32.4,4.0,25.6,3.8,71.9,436.2,73.6,6.97,0.2,1.04,1.89,0.73,6.29,0.81,0.83,12.5,0.0,1.28,245.94,59.4,0.13,2.97,56.3,0.22,286.7,245.9,24.4,2.75,117.3
581,581,mutton karahi,268,10.5,2.4,3.5,2.1,30.4,3.9,24.7,4.3,72.5,442.7,73.8,10.87,0.19,1.37,1.87,0.79,5.7,0.79,0.66,13.66,0.0,1.33,218.78,63.9,0.13,2.75,61.1,0.21,254.4,218.8,27.5,2.23,119.0
582,582,peshawari karahi,298,10.3,2.3,3.5,2.1,30.3,4.2,16.7,4.2,38.0,426.1,76.2,8.72,0.2,0.95,0.05,0.56,3.75,0.51,0.5,13.97,0.0,1.02,246.09,52.0,0.17,2.94,44.8,0.28,209.9,246.1,15.1,1.87,106.4
583,583,lahori chargha,286,9.5,2.6,3.7,1.9,32.1,4.2,16.8,4.2,38.4,446.5,77.1,8.93,0.21,1.09,0.05,0.47,3.65,0.57,0.46,13.5,0.0,1.13,268.06,59.3,0.15,2.94,55.6,0.29,173.9,268.1,17.5,1.96,108.0
584,584,chicken handi,286,9.4,2.3,3.3,2.1,30.6,3.8,23.4,3.9,76.7,478.1,74.6,7.32,0.17,1.02,1.82,0.76,5.5,0.65,0.77,11.97,0.0,1.07,222.79,55.7,0.17,3.09,46.8,0.21,247.7,222.8,20.4,2.53,112.3
585,585,mutton handi,267,10.3,2.5,3.3,2.1,33.6,4.2,23.5,4.1,79.9,440.7,74.5,10.43,0.22,1.0,1.82,0.61,4.71,0.77,0.74,10.75,0.0,1.21,279.21,67.5,0.15,2.41,51.4,0.24,255.5,279.2,26.9,2.54,117.6
586,586,nihari pakistani,269,9.6,2.5,3.5,2.1,31.9,3.8,15.0,4.3,37.5,430.3,78.3,9.65,0.23,0.97,0.05,0.46,3.32,0.58,0.46,9.1,0.0,1.07,242.9,42.0,0.15,3.03,57.6,0.22,215.4,242.9,17.9,1.58,100.4
587,587,haleem pakistani,264,10.5,2.6,3.7,2.0,32.9,3.9,16.8,4.2,39.9,438.9,77.1,9.99,0.19,1.0,0.05,0.57,3.68,0.6,0.47,13.66,0.0,1.32,261.14,56.5,0.16,2.51,59.0,0.23,231.5,261.1,18.9,2.0,107.2
588,588,paya,286,10.3,2.6,3.3,2.1,31.6,3.9,16.7,4.1,42.8,431.8,76.6,9.47,0.23,1.01,0.05,0.56,4.36,0.56,0.56,8.57,0.0,1.18,209.88,48.6,0.15,2.63,41.0,0.22,200.0,209.9,21.0,2.12,98.5
589,589,qorma pakistani,291,10.2,2.4,3.3,2.0,30.7,3.9,15.8,3.8,41.6,460.3,76.8,7.47,0.22,1.09,0.05,0.46,3.34,0.58,0.54,7.92,0.0,1.03,181.59,57.7,0.16,2.63,43.9,0.22,208.0,181.6,18.1,2.03,91.4
590,590,aloo gosht,274,9.9,2.3,3.7,1.9,33.0,4.1,15.4,3.9,40.3,441.0,77.8,7.54,0.21,0.89,0.05,0.41,3.49,0.52,0.43,8.01,0.0,1.15,243.16,42.5,0.15,2.24,43.2,0.28,196.0,243.2,16.8,2.01,95.2
591,591,mutton korma pakistani,306,13.1,4.1,3.9,2.5,30.1,4.8,21.9,7.0,64.9,527.1,71.9,14.45,0.22,1.16,1.77,0.66,5.21,0.6,0.74,19.08,0.0,1.52,311.1,63.2,0.19,3.63,76.7,0.4,269.1,311.1,26.1,2.37,140.5
592,592,chicken jalfrezi,273,9.5,2.4,3.6,2.0,30.6,4.3,24.6,4.2,76.4,429.9,74.5,7.71,0.17,0.96,1.86,0.6,5.98,0.83,0.71,10.47,0.0,1.28,250.02,67.9,0.17,2.85,60.1,0.2,240.5,250.0,23.6,2.28,116.0
593,593,seekh kebab,348,16.8,4.9,6.1,2.5,8.5,2.1,33.0,1.0,98.4,489.3,63.4,4.06,0.1,1.01,0.05,0.78,6.74,0.93,0.98,4.23,0.0,1.23,215.83,102.3,0.1,2.06,55.2,0.13,275.1,215.8,33.3,2.68,106.8
594,594,chapli kebab,349,16.3,4.8,6.2,2.5,8.2,1.9,34.3,1.0,95.3,493.9,63.2,3.19,0.11,1.05,0.05,1.04,7.41,1.13,0.99,4.22,0.0,1.52,186.07,84.8,0.11,1.94,45.9,0.12,302.1,186.1,37.6,3.49,105.2
595,595,shami kebab,352,16.5,4.8,5.6,2.6,8.1,2.0,37.1,1.0,103.5,482.0,61.9,4.03,0.12,0.8,0.05,0.99,7.05,1.2,1.14,3.73,0.0,1.51,221.38,100.1,0.1,1.86,40.7,0.13,327.6,221.4,34.4,3.73,113.2
596,596,bihari kebab,363,17.4,5.0,6.2,2.5,8.4,1.9,33.8,0.9,93.1,527.6,62.2,3.71,0.1,0.94,0.05,0.82,7.03,0.86,0.9,4.89,0.0,1.56,173.92,92.1,0.1,1.9,46.2,0.14,351.6,173.9,28.7,2.64,104.3
597,597,reshmi kebab,329,16.8,4.9,6.4,2.4,8.1,2.0,36.6,0.9,103.3,489.9,62.6,3.09,0.1,0.96,0.05,0.98,8.4,1.18,1.02,4.28,0.0,1.32,245.81,97.9,0.11,2.33,50.1,0.13,363.8,245.8,35.8,3.7,114.9
598,598,malai boti,271,14.7,4.4,3.4,2.0,31.5,3.8,15.4,4.0,58.9,474.3,74.5,8.12,0.19,1.27,0.05,0.42,3.96,0.48,0.54,9.2,0.0,1.36,223.58,48.9,0.15,2.22,42.3,0.24,206.5,223.6,18.6,1.94,95.5
599,599,chicken tikka pakistani,335,17.8,5.2,5.6,2.6,8.5,2.0,44.3,1.1,136.3,484.6,58.7,4.18,0.13,0.76,2.55,1.3,7.86,1.32,1.2,5.16,0.0,1.29,258.0,130.0,0.09,2.51,45.9,0.12,414.8,258.0,47.6,3.42,131.3
600,600,chicken boti,292,10.2,2.4,3.4,1.9,33.1,4.1,24.9,4.1,71.8,426.9,73.2,10.83,0.22,1.01,1.87,0.62,4.87,0.75,0.83,9.54,0.0,1.28,237.26,61.9,0.13,2.84,46.0,0.26,262.2,237.3,24.4,2.76,117.1
601,601,sajji,261,10.5,2.4,3.5,2.0,33.1,3.9,16.9,3.8,38.8,441.8,77.2,6.89,0.24,0.96,0.05,0.46,4.14,0.62,0.57,8.57,0.0,0.92,247.84,62.8,0.15,2.19,48.0,0.23,229.5,247.8,20.8,2.05,97.5
602,602,mutton sajji,296,9.3,2.5,3.3,1.9,33.3,3.9,25.3,3.8,78.3,464.0,73.5,9.78,0.2,1.27,1.88,0.7,6.01,0.69,0.82,10.99,0.0,1.14,195.25,63.8,0.11,2.98,56.2,0.26,282.3,195.3,23.8,2.5,113.8
603,603,brain masala,312,13.8,3.8,4.1,2.5,29.3,5.3,14.1,6.7,30.4,583.7,74.3,13.78,0.21,1.27,0.05,0.47,3.3,0.47,0.45,18.65,0.0,1.56,223.69,50.6,0.18,3.77,49.5,0.29,170.7,223.7,13.3,1.7,118.5
604,604,katakat,298,9.4,2.6,3.7,2.0,33.4,4.1,15.0,4.2,42.7,423.2,77.5,10.5,0.24,1.13,0.05,0.48,4.03,0.59,0.49,10.48,0.0,1.1,190.17,45.0,0.14,2.73,52.7,0.29,166.6,190.2,14.8,1.96,97.1
605,605,dhabba dal,329,13.5,3.9,4.0,2.4,28.0,5.3,14.3,6.6,28.6,574.0,73.9,14.24,0.18,1.53,0.05,0.42,4.06,0.57,0.49,12.44,0.0,1.33,269.69,57.8,0.16,3.41,69.2,0.27,192.6,269.7,16.5,1.74,116.9
606,606,dal chawal pakistani,303,12.6,3.7,3.8,2.6,30.5,4.9,15.0,6.9,30.5,589.4,75.1,11.95,0.21,1.35,0.05,0.47,4.15,0.51,0.49,14.59,0.0,1.48,236.2,46.4,0.16,3.24,71.6,0.34,212.5,236.2,16.1,1.57,115.7
607,607,chana pulao,386,12.6,2.9,4.2,2.6,50.3,3.1,14.1,3.2,52.3,601.4,72.6,6.14,0.32,1.25,0.05,0.47,3.25,0.45,0.43,10.15,0.0,1.36,223.83,47.0,0.13,2.42,36.4,0.2,208.8,223.8,17.4,1.92,90.1
608,608,yakhni pulao,365,11.8,2.9,4.3,2.5,54.1,3.0,13.2,2.9,52.0,633.4,74.3,7.61,0.26,0.94,0.05,0.41,3.73,0.51,0.39,9.66,0.0,1.01,228.59,38.9,0.14,2.32,37.9,0.18,191.8,228.6,16.9,1.64,88.4
609,609,mutton pulao pakistani,410,12.1,3.0,4.8,2.4,49.4,3.1,20.8,2.9,90.7,581.7,69.6,6.44,0.26,0.88,1.73,0.66,4.03,0.73,0.56,10.25,0.0,1.43,226.1,65.0,0.12,2.58,46.7,0.22,260.5,226.1,19.7,2.4,101.5
610,610,chicken pulao pakistani,404,12.5,2.8,4.5,2.4,51.5,2.9,22.3,3.1,89.2,589.2,68.9,6.02,0.26,0.97,1.78,0.55,4.7,0.73,0.66,10.1,0.0,1.05,252.27,76.0,0.15,2.49,55.3,0.24,209.6,252.3,22.4,2.48,106.1
611,611,kabuli pulao,385,12.2,3.2,4.4,2.6,50.0,2.9,14.4,2.8,55.4,581.5,72.9,7.85,0.27,0.83,0.05,0.46,3.23,0.43,0.39,10.04,0.0,1.35,174.21,42.8,0.12,2.39,32.6,0.21,180.8,174.2,14.8,1.72,86.6
612,612,lahori chanay,270,10.3,2.7,3.5,1.9,31.6,4.2,15.3,4.2,41.5,422.4,77.7,8.89,0.21,1.1,0.05,0.51,4.04,0.6,0.53,9.35,0.0,1.14,253.68,58.2,0.14,2.95,51.3,0.28,175.1,253.7,16.6,1.9,100.7
613,613,chole bhature pakistani,310,13.2,4.2,4.3,2.6,31.1,5.2,14.3,7.0,28.9,564.1,74.7,16.4,0.18,1.61,0.05,0.4,3.75,0.55,0.42,14.93,0.0,1.35,298.86,49.4,0.18,4.1,57.5,0.3,206.1,298.9,13.6,1.69,125.9
614,614,aloo paratha pakistani,247,6.2,1.6,1.9,1.6,37.9,2.0,8.2,3.0,10.2,294.5,84.1,7.28,0.2,1.2,0.05,0.29,2.17,0.37,0.28,9.68,0.0,0.92,183.6,35.5,0.12,2.02,36.4,0.17,161.4,183.6,13.2,1.33,75.6
615,615,keema paratha,241,5.8,1.5,1.9,1.5,40.6,2.1,7.6,3.0,9.8,319.0,84.8,6.74,0.23,0.9,0.05,0.3,2.42,0.3,0.27,7.24,0.0,0.89,151.39,40.7,0.11,1.92,37.3,0.22,142.6,151.4,10.8,1.16,69.4
616,616,naan pakistani,228,6.3,1.4,1.9,1.5,39.4,2.0,8.1,3.2,9.4,297.4,84.8,7.81,0.24,1.08,0.05,0.29,2.53,0.33,0.32,7.95,0.0,0.83,220.88,37.2,0.12,1.85,37.7,0.24,154.0,220.9,9.7,1.25,77.9
617,617,rogni naan,233,6.0,1.6,2.0,1.5,38.4,2.1,7.6,2.9,10.4,301.4,85.0,6.36,0.22,1.16,0.05,0.24,2.46,0.37,0.32,7.75,0.0,0.74,195.88,42.0,0.11,1.8,35.2,0.19,128.6,195.9,9.1,1.35,72.6
618,618,kulcha pakistani,267,10.0,2.4,3.5,2.1,29.8,4.2,16.2,3.8,40.9,421.1,77.6,8.45,0.21,1.12,0.05,0.45,4.02,0.55,0.55,11.69,0.0,0.93,181.14,62.5,0.12,2.28,55.7,0.26,221.6,181.1,15.9,1.93,95.2
619,619,sheermal,289,10.4,2.5,3.5,2.1,32.4,4.1,14.9,4.3,39.2,436.9,77.2,9.46,0.23,1.0,0.05,0.44,3.73,0.58,0.54,10.99,0.0,1.15,239.49,49.4,0.16,2.28,40.9,0.25,185.4,239.5,13.8,1.54,99.5
620,620,taftan,290,9.9,2.6,3.3,1.9,33.9,3.9,17.1,3.8,40.5,421.2,76.6,8.39,0.23,1.3,0.05,0.52,4.59,0.63,0.51,9.32,0.0,0.89,205.97,60.1,0.12,2.87,49.7,0.23,200.7,206.0,18.1,1.71,98.1
621,621,paratha roll,255,5.7,1.5,2.0,1.4,38.7,2.0,7.9,2.8,10.0,299.2,84.3,6.46,0.24,1.1,0.05,0.26,2.5,0.36,0.28,6.52,0.0,0.95,165.3,31.9,0.1,2.18,42.0,0.18,148.6,165.3,9.8,1.38,70.3
622,622,chicken roll pakistani,264,12.2,2.6,4.4,3.1,28.7,3.2,14.1,3.1,54.8,455.5,77.0,7.66,0.2,1.03,1.49,0.39,3.83,0.51,0.46,7.68,0.0,1.16,191.29,51.6,0.13,2.01,43.1,0.19,199.2,191.3,17.7,1.59,85.4
623,623,bun kebab,336,18.1,4.9,5.9,2.4,7.5,2.0,32.8,1.0,93.7,486.6,63.0,3.17,0.11,0.82,0.05,0.89,7.45,1.01,0.88,3.54,0.0,1.55,188.16,93.9,0.1,1.76,51.9,0.13,299.6,188.2,35.1,3.06,102.2
624,624,samosa pakistani,287,17.5,4.2,4.3,2.9,27.0,3.0,6.7,2.8,19.2,404.9,75.5,7.62,0.2,0.92,0.05,0.26,2.49,0.36,0.26,6.34,0.0,1.53,148.41,29.1,0.14,1.71,38.7,0.2,154.2,148.4,11.7,1.15,66.7
625,625,aloo samosa,292,16.9,3.8,4.5,2.9,26.3,3.1,7.4,3.1,20.0,448.4,75.5,7.3,0.16,1.07,0.05,0.23,2.28,0.33,0.27,10.44,0.0,1.51,176.11,34.0,0.12,1.86,40.9,0.22,137.7,176.1,9.7,1.18,74.4
626,626,pakora pakistani,304,18.2,4.2,4.6,3.0,28.8,2.9,7.1,3.0,20.8,441.4,74.3,6.04,0.2,1.07,0.05,0.26,2.33,0.33,0.26,10.54,0.0,1.72,173.29,37.0,0.13,1.98,36.2,0.24,143.3,173.3,9.7,1.35,72.8
627,627,dahi baray,291,9.7,2.6,3.7,2.0,33.0,4.0,15.9,4.0,42.1,470.4,77.2,10.24,0.2,1.22,0.05,0.45,3.88,0.62,0.53,12.74,0.0,0.89,254.72,50.5,0.15,2.79,50.0,0.28,214.8,254.7,20.0,1.7,104.8
628,628,gol gappay pakistani,282,10.2,2.6,3.5,1.9,29.8,3.9,16.2,3.9,42.6,476.8,77.0,9.68,0.22,1.24,0.05,0.44,3.91,0.62,0.51,9.98,0.0,1.12,188.02,57.1,0.15,2.34,47.4,0.26,218.1,188.0,14.9,1.69,95.7
629,629,chaat pakistani,299,10.0,2.5,3.4,2.1,32.3,4.2,14.9,4.2,40.9,473.1,77.1,10.33,0.21,1.29,0.05,0.5,3.63,0.54,0.45,9.2,0.0,1.26,225.25,51.6,0.13,2.86,39.9,0.28,178.9,225.2,18.6,1.88,98.8
630,630,nihari naan,239,6.2,1.6,2.0,1.4,38.9,1.9,8.3,2.8,9.6,303.5,84.4,5.49,0.27,1.04,0.05,0.32,2.85,0.34,0.32,7.49,0.0,0.74,203.99,29.9,0.1,2.02,40.5,0.22,157.2,204.0,9.5,1.21,73.8
631,631,halwa puri,263,8.7,5.2,2.4,0.8,37.2,33.9,5.2,1.0,19.7,118.4,83.0,4.31,0.2,0.95,0.05,0.21,1.99,0.29,0.21,3.66,0.0,1.07,140.48,31.9,0.1,1.46,28.8,0.15,126.0,140.5,10.8,1.05,51.6
632,632,puri halwa pakistani,241,9.2,5.3,2.6,0.8,37.9,31.5,4.9,1.1,18.9,116.5,83.6,3.63,0.24,0.72,0.05,0.18,1.89,0.25,0.22,4.22,0.0,1.2,150.0,28.9,0.11,1.24,19.4,0.16,119.9,150.0,8.5,0.97,51.4
633,633,zarda,263,10.3,2.5,3.3,1.9,34.2,4.0,17.0,4.1,38.3,452.2,77.2,10.06,0.24,1.09,0.05,0.47,4.64,0.66,0.45,11.89,0.0,1.14,228.2,64.4,0.11,2.37,47.4,0.24,229.0,228.2,15.6,1.97,102.9
634,634,gajar halwa pakistani,256,8.9,5.0,2.5,0.8,39.6,35.0,5.1,1.0,18.7,119.9,83.2,3.36,0.26,1.03,0.05,0.23,1.98,0.29,0.19,3.53,0.0,1.04,125.27,27.4,0.1,1.26,21.9,0.13,145.9,125.3,9.8,1.16,48.8
635,635,sohan halwa,259,9.0,5.3,2.4,0.8,37.8,34.8,4.7,1.1,20.9,127.7,83.2,4.55,0.25,0.98,0.05,0.22,2.02,0.29,0.23,3.33,0.0,0.96,163.21,29.4,0.1,1.12,24.0,0.14,123.9,163.2,10.3,0.94,51.8
636,636,jalebi pakistani,241,8.9,5.2,2.5,0.8,35.8,34.0,5.1,1.0,18.9,127.6,83.7,3.27,0.25,1.01,0.05,0.24,1.73,0.25,0.2,3.74,0.0,0.9,161.77,27.3,0.1,1.16,27.7,0.16,132.5,161.8,8.5,1.04,51.6
637,637,gulab jamun pakistani,233,9.3,4.7,2.3,0.8,39.0,34.6,4.8,1.0,19.0,117.8,83.8,4.13,0.26,0.93,0.05,0.17,1.86,0.28,0.19,4.5,0.0,0.91,176.41,30.2,0.09,1.31,26.2,0.13,137.1,176.4,10.2,1.06,54.1
638,638,kheer pakistani,240,8.6,4.7,2.5,0.8,36.1,32.0,4.8,1.1,20.4,115.2,84.1,3.67,0.2,1.0,0.05,0.17,1.7,0.26,0.22,4.73,0.0,0.9,121.01,25.5,0.09,1.37,21.0,0.16,113.0,121.0,9.2,1.13,49.7
639,639,rabri pakistani,270,10.6,2.5,3.3,2.0,30.6,4.3,16.2,3.7,39.8,456.6,77.2,6.77,0.18,0.99,0.05,0.46,4.26,0.63,0.43,10.0,0.0,1.19,208.96,57.7,0.11,2.47,40.2,0.19,200.6,209.0,14.7,1.84,94.9
640,640,lassi pakistani,295,10.2,2.5,3.3,1.9,33.4,3.9,16.9,4.2,41.4,468.4,76.2,10.87,0.19,0.98,0.05,0.55,4.61,0.57,0.45,9.78,0.0,1.0,199.72,64.2,0.16,2.89,45.2,0.27,226.5,199.7,15.9,1.97,101.1
641,641,doodh patti,261,9.8,2.4,3.5,2.1,30.4,4.1,17.0,4.1,40.5,437.7,77.7,10.19,0.22,1.12,0.05,0.46,4.2,0.52,0.47,11.87,0.0,1.02,184.82,63.1,0.14,2.33,48.6,0.28,214.7,184.8,22.1,1.68,99.6
642,642,chai pakistani,298,10.5,2.5,3.5,1.9,29.9,3.8,16.2,3.8,42.5,452.3,76.3,9.85,0.18,1.24,0.05,0.49,3.8,0.6,0.47,10.87,0.0,1.14,217.2,51.9,0.13,2.82,55.9,0.25,175.8,217.2,21.5,2.06,99.7
643,643,qabili palaw,280,9.7,2.5,3.3,2.1,31.7,4.1,17.1,4.3,37.8,420.5,77.1,8.48,0.23,0.97,0.05,0.5,3.51,0.56,0.56,12.89,0.0,1.27,214.87,63.7,0.13,2.81,54.6,0.21,183.4,214.9,16.6,1.92,103.3
644,644,mantu,280,9.7,2.7,3.3,1.9,30.8,4.3,15.8,3.9,38.2,463.5,77.6,6.9,0.18,0.96,0.05,0.51,3.83,0.62,0.44,7.97,0.0,1.25,202.88,45.6,0.12,2.21,37.9,0.24,179.5,202.9,19.2,1.75,92.1
645,645,ashak,270,9.5,2.3,3.5,2.0,33.2,4.3,15.2,3.8,41.7,420.0,78.3,9.97,0.24,1.05,0.05,0.49,3.87,0.58,0.43,10.3,0.0,1.25,208.69,52.0,0.14,2.71,50.2,0.25,196.5,208.7,17.4,1.88,96.7
646,646,bolani,272,10.7,2.7,3.7,2.1,32.2,4.0,15.5,3.9,37.5,476.5,77.3,9.64,0.24,1.12,0.05,0.49,3.5,0.48,0.43,12.24,0.0,1.35,199.12,42.7,0.16,2.4,49.7,0.24,186.5,199.1,17.4,1.92,97.2
647,647,bolani katchalu,298,9.7,2.7,3.3,1.9,33.6,3.7,15.7,3.9,38.5,444.5,77.0,7.01,0.2,1.31,0.05,0.49,3.54,0.56,0.52,12.51,0.0,1.05,239.9,42.2,0.11,2.28,54.2,0.26,211.6,239.9,17.8,1.58,98.8
648,648,bolani gandana,280,10.6,2.6,3.5,2.0,33.2,4.3,15.2,4.2,38.0,451.9,77.2,9.17,0.19,1.03,0.05,0.44,3.33,0.49,0.54,12.06,0.0,1.0,189.67,59.5,0.13,3.05,38.9,0.23,172.8,189.7,19.0,2.0,98.4
649,649,bolani potato,282,9.8,2.5,3.6,2.1,32.6,4.2,17.1,3.9,37.3,460.4,76.9,10.01,0.19,0.9,0.05,0.5,3.67,0.5,0.51,8.08,0.0,0.91,268.02,54.6,0.14,2.23,52.5,0.26,182.3,268.0,15.9,2.03,102.2
650,650,aushak,297,9.9,2.4,3.3,2.0,30.9,4.0,15.7,4.0,39.6,465.8,76.9,7.83,0.22,1.3,0.05,0.53,4.12,0.51,0.53,13.34,0.0,1.01,180.98,44.1,0.14,2.97,54.3,0.22,213.0,181.0,18.4,1.71,97.6
651,651,ash,261,10.0,2.6,3.6,1.9,33.0,4.0,15.2,3.9,40.3,445.1,78.2,8.52,0.21,0.96,0.05,0.52,4.03,0.57,0.43,10.26,0.0,1.3,237.23,60.2,0.14,2.79,50.2,0.22,182.7,237.2,16.5,1.58,98.3
652,652,shorwa,265,10.7,2.7,3.6,2.0,34.2,4.2,15.9,4.2,38.7,457.8,77.3,9.04,0.24,1.21,0.05,0.49,4.02,0.52,0.43,13.91,0.0,0.96,255.67,51.8,0.14,2.51,41.8,0.22,218.0,255.7,16.3,1.71,104.8
653,653,qorma sabzi,277,10.3,2.5,3.3,1.9,30.1,4.2,15.8,3.9,41.3,440.9,77.2,8.07,0.21,0.96,0.05,0.54,4.04,0.51,0.46,12.17,0.0,1.24,177.19,56.0,0.14,2.32,47.9,0.24,193.6,177.2,18.9,1.66,94.6
654,654,qorma gosht,269,10.2,2.6,3.5,2.1,33.4,4.1,16.1,3.9,41.7,452.3,77.4,10.28,0.21,1.27,0.05,0.41,4.3,0.6,0.58,8.85,0.0,0.96,188.02,48.2,0.15,2.39,52.9,0.21,218.3,188.0,17.1,1.72,95.2
655,655,qorma chicken,290,10.0,2.3,3.7,2.0,30.2,4.1,25.3,3.9,80.1,431.3,73.2,7.17,0.21,0.94,1.88,0.7,6.09,0.81,0.82,8.26,0.0,0.92,259.67,82.9,0.12,3.16,54.3,0.2,221.9,259.7,27.7,2.53,115.7
656,656,chapli kebab afghan,338,17.4,4.9,6.2,2.4,8.1,2.0,37.1,1.0,106.2,512.9,61.7,3.94,0.12,0.72,0.05,1.01,6.75,1.13,1.13,4.57,0.0,1.74,215.41,89.1,0.08,1.85,44.0,0.13,309.3,215.4,37.5,2.82,113.4
657,657,seekh kebab afghan,360,17.1,5.1,6.3,2.5,7.4,1.9,34.8,1.0,103.0,497.8,62.1,4.43,0.1,0.72,0.05,1.01,6.42,1.06,1.11,3.54,0.0,1.77,183.17,103.3,0.1,2.33,43.3,0.14,286.5,183.2,30.8,2.88,107.7
658,658,lamb kebab afghan,337,16.8,5.3,6.3,2.3,8.3,2.0,44.0,1.0,132.5,489.6,59.4,4.3,0.11,0.71,0.05,1.23,9.38,1.17,1.31,3.49,0.0,1.74,250.52,93.5,0.11,2.19,45.2,0.16,389.5,250.5,41.1,4.18,128.2
659,659,chicken kebab afghan,329,17.4,4.7,6.3,2.6,7.8,2.0,44.1,1.0,141.6,529.0,59.2,3.44,0.12,1.01,2.55,1.06,8.47,1.34,1.33,4.94,0.0,1.74,239.08,86.8,0.11,2.05,52.1,0.16,431.5,239.1,44.6,4.24,127.4
660,660,tikka afghan,324,17.8,5.1,6.2,2.5,8.4,2.0,34.0,1.0,100.0,480.4,63.1,3.04,0.13,0.97,0.05,0.96,7.77,1.09,0.9,3.72,0.0,1.35,189.52,72.8,0.09,1.93,53.3,0.14,308.7,189.5,34.9,2.84,104.8
661,661,safed gosht,287,10.6,2.6,3.4,2.0,30.2,3.9,16.7,4.2,38.7,449.9,76.3,8.28,0.23,1.13,0.05,0.55,4.11,0.56,0.59,10.25,0.0,1.02,228.6,58.7,0.17,2.38,50.3,0.21,198.4,228.6,20.6,1.66,100.2
662,662,mantu lamb,284,10.4,2.5,3.3,2.0,30.5,4.2,24.5,4.1,78.3,447.6,73.5,8.06,0.19,0.97,0.05,0.75,5.3,0.82,0.82,12.63,0.0,1.09,240.06,59.0,0.13,2.81,44.9,0.22,271.8,240.1,23.2,2.63,116.9
663,663,dum pukht afghan,290,10.0,2.7,3.6,2.0,33.0,3.8,16.0,3.9,38.5,419.5,77.0,7.53,0.21,1.25,0.05,0.53,3.88,0.52,0.49,8.88,0.0,0.9,194.11,48.5,0.15,2.48,47.8,0.28,218.9,194.1,17.9,1.71,93.6
664,664,borani banjan,262,9.9,2.4,3.3,2.0,31.5,3.8,16.0,3.8,41.9,431.5,78.0,7.85,0.22,1.31,0.05,0.46,3.78,0.49,0.51,8.82,0.0,1.11,256.3,58.9,0.14,2.44,49.7,0.19,181.6,256.3,17.9,1.76,98.2
665,665,borani kadoo,287,9.5,2.6,3.6,2.1,30.9,3.9,14.9,4.0,41.9,467.1,77.8,8.73,0.21,1.23,0.05,0.52,3.5,0.58,0.46,9.52,0.0,0.86,222.11,53.0,0.13,2.54,51.5,0.24,210.3,222.1,15.9,1.62,96.2
666,666,sabzi chalaw,278,9.4,2.6,3.3,2.1,32.1,3.8,15.3,3.8,39.5,471.2,78.1,8.37,0.19,0.91,0.05,0.42,4.25,0.48,0.42,11.81,0.0,1.21,244.2,53.6,0.14,2.61,55.1,0.2,171.3,244.2,14.9,1.97,99.6
667,667,lubya,275,9.7,2.6,3.5,2.0,29.9,3.8,15.1,4.0,40.4,431.6,78.0,9.97,0.18,0.91,0.05,0.41,3.62,0.6,0.49,10.97,0.0,0.91,254.1,45.5,0.15,2.39,53.0,0.2,192.7,254.1,16.8,1.96,100.6
668,668,dal afghan,321,13.8,4.2,3.8,2.6,29.8,5.2,15.8,7.2,31.9,543.6,73.3,12.49,0.18,1.56,0.05,0.43,4.33,0.53,0.45,14.36,0.0,1.49,287.96,47.1,0.18,4.24,74.1,0.28,185.6,288.0,19.4,1.95,125.1
669,669,kadoo palaw,273,9.4,2.6,3.6,2.0,34.2,3.9,16.4,3.8,40.6,426.5,77.7,9.22,0.25,1.1,0.05,0.5,3.47,0.63,0.45,9.87,0.0,1.0,212.74,62.9,0.14,2.5,40.3,0.23,192.7,212.7,16.9,1.67,97.9
670,670,shir yakh,294,10.1,2.4,3.7,2.0,30.9,4.1,16.2,3.7,41.2,450.4,76.7,8.5,0.19,0.88,0.05,0.52,4.49,0.6,0.56,7.77,0.0,0.9,243.44,56.9,0.11,2.86,53.0,0.24,177.5,243.4,20.9,1.99,98.2
671,671,firni afghan,297,10.5,2.4,3.3,1.9,32.3,3.7,15.4,4.2,39.2,430.6,76.6,8.1,0.18,0.99,0.05,0.44,3.25,0.58,0.54,13.02,0.0,1.06,262.84,42.9,0.17,2.44,45.3,0.23,206.0,262.8,15.4,1.73,103.0
672,672,sheer berenj afghan,280,10.1,2.5,3.6,1.9,30.6,4.2,15.3,3.8,42.0,443.3,77.5,7.34,0.2,0.89,0.05,0.47,3.58,0.57,0.49,11.14,0.0,0.94,241.26,56.5,0.15,2.21,53.3,0.19,208.2,241.3,16.5,1.99,97.0
673,673,halwa afghan,254,9.1,5.3,2.4,0.8,38.0,31.6,5.0,1.0,19.6,114.3,83.1,4.25,0.22,0.91,0.05,0.23,1.98,0.28,0.25,3.81,0.0,1.25,141.64,25.6,0.09,1.1,21.3,0.13,117.9,141.6,10.6,1.16,50.4
674,674,jalebi afghan,242,8.8,5.1,2.5,0.8,36.7,31.2,5.3,1.0,21.1,118.8,83.7,3.67,0.24,0.72,0.05,0.22,1.75,0.3,0.23,3.77,0.0,1.18,138.21,26.8,0.1,1.12,26.2,0.16,123.6,138.2,8.4,1.14,50.4
675,675,naan afghan,228,6.1,1.4,1.9,1.6,38.1,2.0,8.5,3.0,9.5,298.6,84.8,8.41,0.22,1.14,0.05,0.32,2.26,0.32,0.32,9.46,0.0,0.78,175.58,34.3,0.15,2.24,38.0,0.22,163.1,175.6,12.0,1.29,76.8
676,676,tandoori naan afghan,238,6.1,1.6,1.9,1.4,36.6,1.9,8.1,3.0,9.8,294.0,84.6,7.48,0.2,0.98,0.05,0.3,2.58,0.4,0.28,10.31,0.0,0.81,176.96,40.3,0.14,2.08,41.4,0.21,160.8,177.0,11.2,1.38,75.9
677,677,afghan bread,228,6.2,1.4,2.0,1.5,36.0,2.0,7.6,2.9,9.6,311.8,85.0,8.0,0.24,0.86,0.05,0.28,2.14,0.31,0.26,7.79,0.0,0.96,183.82,33.2,0.14,2.27,34.3,0.22,158.5,183.8,11.3,1.12,74.2
678,678,doogh afghan,290,10.5,2.6,3.3,2.1,33.3,3.9,15.5,3.9,40.4,455.9,76.8,9.59,0.22,1.18,0.05,0.45,4.17,0.53,0.43,10.0,0.0,1.02,250.52,47.8,0.16,2.9,44.2,0.21,168.8,250.5,18.4,1.53,100.9
679,679,qaymaq chai,269,9.4,2.6,3.3,1.9,31.4,3.8,16.3,3.8,38.9,447.7,77.9,7.06,0.21,1.05,0.05,0.41,3.39,0.63,0.57,8.51,0.0,1.06,262.87,50.4,0.13,2.86,51.7,0.26,170.2,262.9,20.7,1.78,99.6
680,680,green tea afghan,269,10.0,2.7,3.3,2.0,30.8,3.8,15.5,3.8,41.8,460.0,77.8,9.61,0.21,0.97,0.05,0.52,3.44,0.52,0.42,12.54,0.0,1.15,253.85,42.7,0.13,2.23,40.7,0.19,184.3,253.9,15.9,2.01,101.1
681,681,chelow kebab,326,16.2,5.0,6.3,2.5,8.0,2.0,37.1,0.9,105.0,479.6,63.0,3.23,0.1,0.92,0.05,0.87,7.16,1.05,0.89,3.71,0.0,1.38,194.03,91.9,0.11,2.26,49.2,0.14,303.5,194.0,30.2,3.67,111.0
682,682,chelo morgh,272,9.6,2.4,3.6,1.9,32.0,3.8,15.7,4.2,41.7,450.1,78.0,8.66,0.19,1.16,0.05,0.54,3.43,0.6,0.53,10.42,0.0,0.96,247.3,43.9,0.15,2.28,51.9,0.21,194.0,247.3,15.9,1.88,99.9
683,683,ghormeh sabzi,299,9.3,2.4,3.5,2.0,33.7,4.0,17.0,3.8,39.4,436.0,76.7,7.88,0.22,0.89,0.05,0.55,4.16,0.53,0.53,9.16,0.0,1.03,224.71,61.5,0.14,2.74,43.7,0.23,228.0,224.7,16.9,1.87,98.7
684,684,fesenjan,276,9.8,2.5,3.5,2.0,33.6,4.2,15.5,4.0,39.8,461.3,77.7,8.33,0.2,1.14,0.05,0.51,4.31,0.47,0.51,12.74,0.0,0.91,192.46,51.3,0.15,2.21,38.8,0.23,216.9,192.5,19.7,1.52,95.9
685,685,gheymeh,281,9.8,2.6,3.6,2.1,31.5,3.9,15.4,4.0,42.1,420.6,77.6,10.11,0.19,1.0,0.05,0.43,3.69,0.54,0.44,10.14,0.0,1.15,193.79,41.1,0.13,2.72,54.4,0.2,216.9,193.8,15.1,1.73,96.5
686,686,gheymeh bademjan,294,10.6,2.5,3.6,2.0,33.2,4.0,16.3,4.0,38.4,466.4,76.3,9.35,0.23,0.91,0.05,0.48,3.59,0.54,0.48,12.39,0.0,1.22,268.24,60.4,0.14,2.58,46.0,0.26,188.1,268.2,16.8,1.58,104.9
687,687,khoresht bademjan,287,9.7,2.4,3.7,2.1,30.0,4.1,16.1,4.1,41.5,452.8,77.2,8.7,0.21,0.92,0.05,0.47,3.54,0.48,0.44,12.59,0.0,1.12,227.76,60.6,0.11,2.41,54.7,0.25,212.0,227.8,18.7,1.92,101.2
688,688,khoresht alu esfenaj,283,10.1,2.4,3.3,1.9,32.9,4.3,16.6,4.2,38.5,424.2,76.9,9.92,0.24,1.15,0.05,0.54,3.76,0.52,0.5,9.98,0.0,0.9,269.68,55.2,0.15,2.8,58.3,0.2,216.0,269.7,16.8,2.14,105.3
689,689,khoresht karafs,284,9.3,2.4,3.6,2.0,31.6,3.7,15.7,3.8,40.7,470.1,77.7,8.29,0.18,1.0,0.05,0.49,3.44,0.62,0.45,12.55,0.0,1.16,182.83,57.4,0.15,2.68,52.0,0.25,211.7,182.8,19.2,1.59,96.1
690,690,khoresht beh,279,10.5,2.3,3.6,2.1,31.0,3.8,15.1,4.2,40.2,472.9,77.3,10.11,0.23,0.96,0.05,0.48,3.45,0.57,0.54,12.16,0.0,1.31,235.09,42.1,0.11,3.0,53.5,0.21,166.2,235.1,14.8,1.83,102.6
691,691,khoresh bamieh,262,10.5,2.4,3.5,2.0,32.1,4.2,17.0,3.8,38.1,428.0,77.1,7.26,0.24,1.12,0.05,0.53,4.4,0.63,0.58,9.37,0.0,1.33,234.24,43.7,0.12,2.55,48.9,0.22,207.2,234.2,18.4,1.76,98.5
692,692,zereshk polo,263,10.1,2.5,3.5,1.9,32.4,4.2,16.8,3.8,39.8,443.2,77.5,6.84,0.18,0.94,0.05,0.43,4.18,0.56,0.54,11.98,0.0,1.32,235.72,57.3,0.16,2.39,42.2,0.26,193.8,235.7,19.5,1.78,99.8
693,693,baghali polo,281,10.4,2.5,3.3,1.9,33.1,3.9,16.4,4.1,38.9,459.9,76.8,8.5,0.21,0.91,0.05,0.43,4.45,0.64,0.5,9.61,0.0,0.98,249.95,54.2,0.14,2.89,52.5,0.22,191.7,249.9,14.5,2.08,101.8
694,694,adass polo,272,9.8,2.4,3.6,2.1,29.9,3.9,16.4,4.0,40.0,423.5,77.5,8.84,0.2,1.06,0.05,0.56,4.17,0.64,0.57,12.46,0.0,0.99,225.73,53.1,0.12,2.48,52.1,0.23,198.2,225.7,16.5,1.97,101.1
695,695,loobia polo,277,10.7,2.7,3.4,1.9,31.6,4.0,16.6,4.3,39.5,455.4,76.6,7.88,0.21,1.17,0.05,0.49,4.48,0.63,0.58,9.3,0.0,0.94,222.33,55.5,0.14,2.44,47.8,0.26,171.6,222.3,15.2,1.84,98.8
696,696,albaloo polo,297,10.1,2.4,3.7,2.0,34.2,4.2,17.0,4.1,38.1,476.1,76.2,9.32,0.25,1.15,0.05,0.46,4.37,0.62,0.58,10.44,0.0,1.11,229.89,52.9,0.12,2.99,47.7,0.22,186.9,229.9,15.2,2.14,102.9
697,697,shirin polo,292,10.6,2.6,3.3,1.9,32.1,3.8,16.6,3.8,42.7,443.9,76.2,6.82,0.23,1.01,0.05,0.43,4.56,0.6,0.58,8.47,0.0,1.19,241.43,44.0,0.15,2.72,50.2,0.26,223.0,241.4,18.7,1.7,97.7
698,698,tahchin,265,9.6,2.6,3.5,1.9,32.6,4.0,15.2,4.1,40.2,459.1,78.4,10.07,0.2,0.97,0.05,0.5,4.22,0.47,0.54,9.98,0.0,1.28,216.72,41.4,0.12,2.47,42.3,0.25,189.3,216.7,17.9,1.92,97.5
699,699,sabzi polo mahi,285,9.7,2.6,3.5,2.1,32.3,4.3,16.6,4.2,42.7,420.6,77.1,11.0,0.2,1.15,0.05,0.55,3.49,0.59,0.48,13.78,0.0,1.06,267.61,44.7,0.15,2.76,58.9,0.21,214.8,267.6,19.3,2.02,109.2
700,700,baghali ghatogh,294,9.3,2.4,3.7,2.0,30.3,3.8,15.4,3.8,38.3,460.1,77.5,7.77,0.2,0.89,0.05,0.46,3.76,0.56,0.42,12.79,0.0,0.99,229.12,42.4,0.14,2.62,54.7,0.2,181.4,229.1,19.6,1.83,98.7
701,701,mirza ghasemi,263,9.6,2.5,3.4,1.9,31.1,3.8,15.5,4.3,38.7,446.8,78.3,9.46,0.17,1.04,0.05,0.46,3.73,0.61,0.48,9.29,0.0,0.96,237.96,59.7,0.17,2.84,48.2,0.23,208.4,238.0,19.4,1.86,100.5
702,702,kashk e bademjan,299,10.3,2.6,3.7,1.9,32.9,4.3,15.3,4.0,39.1,435.4,76.8,8.42,0.24,0.91,0.05,0.5,3.81,0.51,0.41,10.01,0.0,1.22,237.97,56.7,0.13,2.85,42.8,0.26,198.9,238.0,15.5,1.86,98.9
703,703,abgoosht,297,9.4,2.5,3.5,1.9,29.8,3.9,16.7,3.7,38.9,474.7,76.9,7.06,0.19,0.89,0.05,0.54,4.14,0.62,0.53,8.56,0.0,1.19,221.77,47.2,0.13,2.73,52.1,0.25,171.7,221.8,21.4,1.9,96.5
704,704,ash reshteh,276,10.6,2.5,3.6,1.9,31.8,4.0,15.2,3.9,40.6,439.8,77.3,10.26,0.2,1.2,0.05,0.49,3.41,0.48,0.44,11.75,0.0,0.97,181.23,44.2,0.17,2.39,53.2,0.24,193.0,181.2,19.0,1.73,95.6
705,705,ash e jo,262,10.3,2.5,3.5,2.1,32.4,3.7,16.4,3.8,41.1,424.3,77.5,9.58,0.23,1.16,0.05,0.56,4.39,0.49,0.46,12.17,0.0,0.96,212.05,44.4,0.13,2.36,44.0,0.19,178.9,212.1,15.8,1.64,99.4
706,706,dizi,284,9.9,2.4,3.5,2.1,34.2,3.8,15.6,4.1,39.8,418.9,77.4,8.82,0.2,1.22,0.05,0.44,4.06,0.61,0.42,11.1,0.0,1.26,253.13,59.7,0.16,2.28,52.5,0.22,207.5,253.1,18.0,1.91,100.6
707,707,kuku sabzi,283,9.9,2.6,3.6,2.1,30.4,3.9,15.4,4.1,40.4,476.6,77.5,8.5,0.23,0.97,0.05,0.45,4.05,0.5,0.43,10.97,0.0,1.12,183.67,45.1,0.14,2.55,44.7,0.27,186.2,183.7,16.6,1.75,95.3
708,708,kuku sibzamini,261,9.4,2.6,3.7,1.9,32.6,3.9,14.9,4.0,37.9,472.7,78.8,9.15,0.22,1.34,0.05,0.39,3.95,0.54,0.42,8.88,0.0,1.11,198.36,53.6,0.16,2.55,44.6,0.24,193.6,198.4,14.3,1.82,94.1
709,709,kotlet iranian,268,9.8,2.3,3.6,2.0,30.4,4.3,15.7,4.2,40.0,437.1,77.9,8.45,0.22,1.35,0.05,0.48,3.4,0.51,0.53,13.78,0.0,1.0,235.12,47.8,0.14,2.35,39.0,0.25,206.4,235.1,16.5,1.72,101.7
710,710,joojeh kebab,326,17.9,5.2,6.2,2.5,7.9,2.1,35.5,1.0,95.1,499.5,62.4,3.74,0.11,0.85,0.05,0.83,8.43,1.01,1.08,4.98,0.0,1.46,168.88,89.0,0.09,2.27,41.8,0.13,370.3,168.9,29.3,3.47,108.1
711,711,kubideh kebab,319,17.0,4.7,5.9,2.4,7.4,2.0,35.9,1.0,94.3,499.8,63.1,3.13,0.11,0.83,0.05,0.96,6.48,0.93,0.92,3.34,0.0,1.37,176.24,89.6,0.09,2.18,57.9,0.15,316.0,176.2,37.9,3.4,107.3
712,712,barg kebab,363,16.9,4.7,6.2,2.4,8.5,1.9,35.7,1.0,101.1,492.9,61.8,4.39,0.13,1.0,0.05,0.94,6.79,0.99,1.11,4.32,0.0,1.33,225.1,95.3,0.09,2.15,47.8,0.14,279.5,225.1,27.5,2.9,112.6
713,713,chenjeh kebab,328,17.6,5.0,6.0,2.6,8.0,1.9,32.6,1.0,100.9,476.5,63.7,3.89,0.11,0.79,0.05,0.81,7.52,1.02,0.94,4.2,0.0,1.73,189.04,87.4,0.11,1.85,37.7,0.16,349.9,189.0,34.3,3.26,103.2
714,714,sangak bread,255,6.3,1.5,2.0,1.5,36.3,1.9,8.0,2.9,10.6,285.7,83.9,7.52,0.25,1.09,0.05,0.24,2.24,0.32,0.31,7.32,0.0,1.05,172.68,37.6,0.11,2.19,36.1,0.18,128.4,172.7,12.1,1.3,72.8
715,715,barbari bread,241,6.3,1.4,2.0,1.5,37.0,1.9,8.4,3.1,9.5,295.3,84.2,8.44,0.22,1.02,0.05,0.31,2.6,0.33,0.35,7.13,0.0,0.71,201.85,41.0,0.15,1.91,32.0,0.23,140.1,201.8,13.0,1.45,76.4
716,716,lavash iranian,280,10.0,2.4,3.7,2.0,33.0,4.1,15.0,3.9,42.4,464.5,77.7,7.06,0.23,0.89,0.05,0.46,3.2,0.5,0.41,11.29,0.0,0.95,203.0,46.0,0.15,2.24,52.7,0.25,206.2,203.0,13.9,1.96,93.7
717,717,mast o khiar,271,10.2,2.6,3.5,2.1,32.0,4.0,15.8,3.9,42.4,471.5,77.5,8.43,0.19,1.27,0.05,0.44,3.74,0.6,0.52,9.88,0.0,1.27,201.65,49.7,0.16,2.39,45.6,0.2,199.7,201.6,18.3,1.89,95.4
718,718,shirazi salad,106,5.0,0.8,1.8,1.6,13.3,4.1,3.1,4.1,5.2,425.8,91.7,7.48,0.14,1.22,0.05,0.16,1.61,0.24,0.17,10.03,0.0,0.92,170.87,29.4,0.13,2.54,42.3,0.24,99.6,170.9,6.7,0.94,71.8
719,719,olvieh salad,116,4.7,0.8,1.9,1.5,13.8,4.0,3.1,4.1,5.3,410.0,91.6,8.19,0.15,1.0,0.05,0.13,1.64,0.2,0.17,12.32,0.0,0.94,183.78,22.3,0.12,2.37,38.4,0.28,122.0,183.8,8.4,1.03,74.6
720,720,falafel iranian,267,9.9,2.5,3.5,2.0,33.6,4.2,16.1,4.2,37.9,446.9,77.8,9.71,0.22,0.94,0.05,0.5,4.44,0.52,0.48,8.76,0.0,1.18,235.08,45.9,0.16,2.74,46.4,0.23,210.6,235.1,18.1,2.03,100.5
721,721,sambusek iranian,271,9.3,2.6,3.5,2.1,32.6,4.0,16.7,3.8,41.0,433.7,77.8,6.82,0.22,1.29,0.05,0.45,3.87,0.5,0.57,8.13,0.0,1.22,238.62,50.9,0.12,2.25,44.1,0.27,212.5,238.6,17.6,1.74,96.4
722,722,zereshk rice,390,12.7,3.2,4.4,2.6,51.9,3.0,13.2,3.2,53.1,614.0,72.8,5.96,0.25,1.07,0.05,0.39,3.67,0.47,0.43,7.37,0.0,1.36,184.38,44.8,0.12,2.13,35.8,0.25,204.8,184.4,17.3,1.67,82.4
723,723,faloodeh,279,9.7,2.4,3.7,1.9,32.1,4.2,17.1,3.7,41.5,471.2,77.1,9.41,0.23,1.2,0.05,0.5,4.64,0.56,0.46,10.83,0.0,1.22,181.39,63.3,0.14,2.47,41.2,0.26,192.0,181.4,19.5,1.92,97.0
724,724,bastani sonnati,262,10.2,2.6,3.6,1.9,32.8,3.7,16.6,4.1,41.8,448.5,77.5,8.88,0.23,1.27,0.05,0.51,3.97,0.62,0.49,9.07,0.0,1.01,249.58,50.9,0.13,2.26,45.1,0.2,182.2,249.6,17.4,1.97,100.5
725,725,saffron ice cream,243,14.0,7.5,2.5,0.8,38.7,24.0,4.8,0.9,39.1,125.5,80.2,3.96,0.2,0.93,0.05,0.2,1.68,0.28,0.21,4.36,0.0,1.51,133.57,26.5,0.08,1.4,24.5,0.15,130.1,133.6,10.1,0.89,50.3
726,726,zoolbia bamieh,268,9.7,2.3,3.3,2.1,32.7,4.0,16.1,4.0,40.6,478.7,77.8,7.41,0.2,1.12,0.05,0.47,3.62,0.62,0.51,8.92,0.0,0.87,251.13,56.8,0.16,2.45,50.4,0.27,207.5,251.1,16.3,1.86,98.5
727,727,sholeh zard,267,10.2,2.4,3.7,2.0,33.1,3.9,16.1,4.1,41.4,428.9,77.5,8.72,0.21,1.32,0.05,0.44,4.31,0.54,0.53,10.42,0.0,0.97,262.04,55.5,0.15,2.79,46.0,0.29,198.8,262.0,19.8,1.81,103.1
728,728,saffron rice pudding,390,11.7,2.9,4.4,2.5,51.8,10.7,14.2,3.0,51.3,613.1,73.1,6.17,0.26,1.14,0.05,0.4,3.54,0.5,0.46,9.03,0.0,1.43,197.37,43.2,0.13,2.27,33.9,0.23,203.6,197.4,18.5,1.89,86.5
729,729,halva iranian,288,10.2,2.5,3.6,2.0,33.4,4.3,16.2,4.1,37.6,468.3,76.8,8.71,0.2,0.99,0.05,0.49,4.49,0.62,0.51,11.74,0.0,0.91,233.75,46.3,0.14,2.53,40.1,0.24,171.3,233.8,17.0,2.1,101.3
730,730,doogh iranian,290,10.2,2.4,3.7,1.9,30.9,4.0,15.8,4.0,42.0,478.9,76.9,9.48,0.2,0.96,0.05,0.49,4.05,0.49,0.56,12.38,0.0,1.16,249.74,48.2,0.12,2.9,48.6,0.21,199.1,249.7,17.8,1.74,103.6
731,731,fried rice chinese,450,17.6,4.5,4.3,2.6,54.1,3.0,14.8,3.0,57.0,660.4,66.8,5.72,0.26,1.02,0.05,0.4,3.65,0.47,0.48,8.02,0.0,1.62,199.06,45.2,0.13,2.31,47.4,0.22,210.7,199.1,13.8,1.85,86.2
732,732,yangzhou fried rice,412,17.0,4.5,4.6,2.6,55.1,3.2,15.0,2.9,53.9,615.3,68.4,7.71,0.3,1.13,0.05,0.49,4.07,0.55,0.53,6.65,0.0,1.41,203.61,53.6,0.14,2.14,48.0,0.19,212.6,203.6,17.8,1.84,86.6
733,733,chicken fried rice chinese,455,17.0,4.6,4.4,2.3,52.0,3.0,21.1,3.2,87.6,603.4,64.5,7.39,0.25,1.23,1.74,0.54,4.3,0.62,0.66,8.23,0.0,1.25,182.38,74.4,0.11,2.54,45.8,0.25,243.1,182.4,17.8,2.27,98.5
734,734,egg fried rice,463,16.9,4.5,4.2,2.6,51.0,3.2,22.9,3.1,88.2,621.1,63.6,6.51,0.32,1.08,1.8,0.61,5.77,0.83,0.74,8.38,3.45,1.79,235.14,54.4,0.11,2.17,45.1,0.18,251.3,235.1,26.8,2.21,103.8
735,735,beef fried rice,467,16.7,4.6,4.3,2.6,54.3,3.1,21.2,3.0,95.8,643.8,64.3,6.28,0.26,1.07,1.74,0.53,4.9,0.77,0.66,9.22,0.0,1.8,237.11,54.3,0.1,2.63,51.4,0.17,229.4,237.1,22.3,2.24,102.5
736,736,yangchun noodles,406,12.1,3.5,4.8,2.4,47.2,4.0,17.4,2.9,47.4,744.5,71.0,7.07,0.27,1.09,0.05,0.58,4.11,0.63,0.6,8.76,0.0,1.19,210.59,51.2,0.15,2.5,35.9,0.21,202.6,210.6,20.0,2.17,93.3
737,737,chow mein chinese,411,12.3,3.6,4.9,2.4,47.9,4.1,16.9,3.0,52.2,690.1,70.9,7.13,0.27,0.85,0.05,0.58,4.15,0.61,0.46,8.27,0.0,1.32,247.59,63.9,0.14,1.96,37.6,0.24,214.2,247.6,20.4,1.92,94.4
738,738,lo mein,286,9.8,2.6,3.3,2.1,31.6,4.0,15.2,4.1,42.7,444.6,77.5,10.67,0.18,1.36,0.05,0.49,4.19,0.49,0.52,13.44,0.0,0.93,260.73,42.8,0.15,3.0,43.4,0.25,164.3,260.7,15.1,1.73,105.9
739,739,beef chow fun,386,12.5,3.5,4.9,2.6,45.3,4.2,26.4,2.9,86.6,697.4,67.8,6.71,0.24,0.84,1.92,0.67,5.32,0.9,0.66,7.61,0.0,1.2,224.59,84.0,0.11,2.72,57.1,0.17,254.3,224.6,22.2,2.33,109.4
740,740,char siu rice,394,12.5,2.9,4.8,2.5,53.8,2.9,14.2,2.9,52.6,636.1,72.5,6.51,0.33,1.16,0.05,0.41,3.06,0.46,0.5,9.5,0.0,1.41,234.64,57.5,0.13,2.05,33.5,0.22,173.3,234.6,19.4,1.83,88.8
741,741,char siu,297,9.7,2.5,3.5,1.9,33.8,3.8,14.9,4.0,38.6,433.2,77.4,7.9,0.21,1.06,0.05,0.48,3.22,0.55,0.44,12.53,0.0,0.93,182.79,45.0,0.16,2.53,47.1,0.25,178.2,182.8,19.4,1.48,94.5
742,742,kung pao chicken,261,9.8,2.4,3.5,2.0,30.2,3.8,24.7,4.2,75.0,422.3,74.6,9.9,0.2,1.34,1.86,0.61,4.96,0.67,0.63,8.74,0.0,0.97,240.11,66.9,0.15,3.26,44.8,0.28,216.1,240.1,20.2,2.55,116.8
743,743,sweet and sour chicken,255,8.8,4.9,2.4,0.8,35.6,33.7,13.3,0.9,57.8,125.4,80.1,3.81,0.21,0.98,1.46,0.36,3.84,0.44,0.46,3.06,0.0,0.83,190.08,38.3,0.11,1.43,28.3,0.14,200.7,190.1,12.6,1.54,68.1
744,744,sweet and sour pork,262,8.6,5.2,2.4,0.8,35.5,32.6,12.2,1.0,53.1,124.0,80.4,3.75,0.19,1.05,1.43,0.37,3.56,0.41,0.43,3.4,0.0,0.87,132.53,36.1,0.11,1.33,35.2,0.11,178.5,132.5,14.0,1.62,61.7
745,745,mapo tofu,264,10.2,2.5,3.3,1.9,33.2,3.9,15.6,3.8,37.8,432.9,77.8,7.42,0.19,1.05,0.05,0.54,4.14,0.48,0.52,9.17,0.0,1.26,229.99,46.7,0.12,2.39,46.7,0.22,211.5,230.0,17.0,1.52,95.6
746,746,twice cooked pork,271,10.0,2.5,3.4,2.1,33.0,4.0,23.5,4.0,74.5,460.7,74.6,9.18,0.24,1.0,1.82,0.7,5.31,0.77,0.62,10.57,0.0,0.98,222.43,74.4,0.13,2.51,51.1,0.28,231.8,222.4,27.1,2.18,111.7
747,747,dongpo pork,290,9.8,2.4,3.6,2.1,32.0,4.1,23.7,3.9,72.5,467.8,73.9,8.16,0.19,1.27,1.83,0.71,4.73,0.83,0.75,12.92,0.0,1.28,228.66,73.4,0.15,2.62,54.7,0.25,256.5,228.7,26.5,2.63,113.6
748,748,red braised pork,283,10.5,2.6,3.3,1.9,33.8,4.1,23.6,4.2,71.3,425.0,73.7,9.11,0.19,1.12,1.83,0.7,5.94,0.84,0.74,11.59,0.0,1.01,197.36,79.1,0.13,2.92,55.1,0.24,255.1,197.4,26.6,2.28,112.6
749,749,peking duck,282,9.7,2.5,3.6,2.0,33.1,4.1,25.0,3.8,70.8,472.7,73.8,8.98,0.21,0.93,0.05,0.79,5.52,0.7,0.72,7.86,0.0,0.88,199.21,69.2,0.13,2.72,46.6,0.26,212.1,199.2,25.3,2.39,109.8
750,750,orange chicken,279,10.1,2.6,3.5,1.9,33.0,4.0,22.7,4.3,80.0,443.6,74.6,8.13,0.23,1.27,1.8,0.64,4.61,0.75,0.74,12.81,0.0,1.32,204.36,62.5,0.16,2.73,52.5,0.29,214.5,204.4,19.8,2.59,111.5
751,751,general tso chicken,294,10.1,2.6,3.3,2.0,32.3,4.0,24.6,4.3,70.9,458.9,73.3,10.02,0.2,1.05,1.86,0.69,5.62,0.75,0.75,10.9,0.0,1.28,272.99,64.4,0.15,2.5,66.2,0.21,236.4,273.0,20.0,2.35,119.5
752,752,mongolian beef,289,10.1,2.4,3.5,2.1,30.1,3.8,23.2,3.9,74.8,460.5,74.0,9.73,0.21,0.98,1.81,0.7,5.23,0.64,0.59,10.85,0.0,1.24,212.65,72.5,0.16,3.04,52.8,0.21,209.0,212.7,24.0,2.05,112.1
753,753,beef and broccoli,261,9.7,2.6,3.5,2.0,33.2,3.7,23.4,4.2,71.4,475.9,75.2,7.9,0.22,1.31,1.82,0.73,5.87,0.71,0.69,8.65,0.0,1.28,281.14,69.5,0.13,2.56,64.8,0.27,222.2,281.1,27.8,2.2,114.6
754,754,pepper steak,271,9.5,2.3,3.4,1.9,30.0,4.0,17.1,3.8,41.9,477.0,77.5,7.07,0.23,1.05,0.05,0.44,4.43,0.51,0.56,8.17,0.0,1.07,189.7,46.3,0.15,2.61,43.9,0.26,172.3,189.7,21.7,1.99,94.1
755,755,tomato egg stir fry,261,10.7,2.5,3.6,1.9,30.2,3.8,24.1,4.2,72.9,427.1,74.2,9.08,0.21,1.26,1.84,0.7,6.09,0.75,0.7,21.14,1.32,1.11,205.85,61.1,0.16,2.51,64.5,0.25,254.5,205.9,29.0,2.12,120.6
756,756,fish fragrant eggplant,283,9.7,2.4,3.3,2.0,33.7,3.8,23.1,4.2,72.0,421.7,74.5,9.56,0.21,1.21,1.81,0.64,5.02,0.67,0.65,9.43,1.43,1.19,284.59,61.3,0.12,2.55,51.7,0.25,260.2,284.6,23.2,2.35,116.5
757,757,braised eggplant,288,9.7,2.5,3.7,2.0,32.5,4.0,25.6,4.1,80.1,420.4,73.4,7.49,0.24,1.21,1.9,0.69,5.53,0.89,0.83,9.33,1.58,1.08,269.67,81.3,0.12,2.98,46.5,0.21,245.8,269.7,24.1,2.39,118.2
758,758,hot and sour soup,222,7.4,2.0,2.3,1.4,26.3,3.1,16.5,3.1,41.9,679.0,80.9,7.37,0.21,1.02,0.05,0.44,3.42,0.6,0.5,10.29,0.0,1.08,234.98,55.9,0.14,2.25,45.6,0.22,221.9,235.0,15.3,1.65,95.5
759,759,wonton soup,218,7.0,1.9,2.2,1.4,24.5,3.1,16.2,2.9,45.3,621.0,81.4,7.06,0.17,1.05,0.05,0.48,4.35,0.56,0.48,8.79,0.0,0.95,193.96,47.6,0.1,2.38,38.5,0.21,169.1,194.0,20.0,1.95,89.8
760,760,egg drop soup,244,6.9,1.9,2.3,1.6,23.9,3.2,26.6,3.2,76.2,663.0,76.4,7.68,0.2,0.85,1.93,0.84,5.41,0.85,0.86,8.36,2.06,1.09,211.92,72.1,0.11,2.29,53.0,0.24,216.9,211.9,27.5,2.87,109.8
761,761,wonton noodles,309,9.8,2.4,3.6,2.1,33.2,2.1,16.6,1.9,46.0,562.8,76.2,5.32,0.23,0.87,0.05,0.55,3.54,0.49,0.45,6.18,0.0,1.11,151.57,43.0,0.1,1.79,45.0,0.17,211.6,151.6,21.9,1.84,78.6
762,762,dan dan noodles,395,12.3,3.3,4.8,2.6,49.5,4.1,17.4,3.2,48.2,742.2,71.3,7.68,0.24,1.19,0.05,0.52,4.69,0.66,0.58,9.4,0.0,1.14,205.96,55.7,0.12,2.4,49.0,0.24,215.3,206.0,19.9,2.02,94.8
763,763,zhajiangmian,274,9.5,2.5,3.5,1.9,30.1,3.7,15.6,4.0,38.5,466.1,77.9,8.31,0.22,0.93,0.05,0.44,3.75,0.47,0.45,11.63,0.0,0.89,213.79,52.3,0.12,2.37,38.3,0.22,191.5,213.8,18.3,1.87,97.5
764,764,biang biang noodles,409,12.6,3.4,5.2,2.5,50.8,3.9,18.9,2.8,48.5,688.2,69.9,7.41,0.32,0.89,0.05,0.52,3.76,0.54,0.5,9.0,0.0,1.16,190.01,54.2,0.14,2.18,37.2,0.2,206.8,190.0,23.8,2.29,93.8
765,765,beef noodle soup chinese,226,7.3,2.0,2.2,1.4,23.8,3.0,24.1,3.1,76.9,617.6,77.7,8.15,0.18,0.96,1.84,0.62,4.89,0.66,0.73,10.71,0.0,0.8,241.21,55.8,0.1,2.74,51.9,0.2,268.2,241.2,25.2,2.35,111.1
766,766,dumplings chinese,283,9.7,2.4,3.3,1.9,34.0,2.0,16.1,2.1,47.6,568.6,77.3,4.95,0.2,0.93,0.05,0.5,3.87,0.63,0.43,5.65,0.0,0.92,210.79,42.4,0.1,2.12,39.6,0.17,184.3,210.8,20.2,1.56,83.3
767,767,jiaozi,285,9.9,2.6,3.3,2.0,35.7,1.9,16.3,2.0,44.9,588.4,77.1,4.32,0.23,0.84,0.05,0.5,3.74,0.49,0.45,7.49,0.0,1.04,205.6,47.9,0.11,1.91,36.0,0.2,186.1,205.6,18.6,1.91,83.3
768,768,xiaolongbao,296,9.6,2.4,3.6,2.1,34.1,3.8,15.4,4.3,40.8,448.0,77.3,10.78,0.22,0.95,0.05,0.44,3.53,0.57,0.53,11.05,0.0,1.2,242.95,46.7,0.16,2.43,50.8,0.29,215.8,242.9,20.6,1.74,102.1
769,769,shumai,277,9.9,2.3,3.3,2.0,33.8,4.0,15.2,4.2,38.1,424.0,77.8,9.8,0.2,1.15,0.05,0.45,3.25,0.56,0.42,9.1,0.0,0.91,218.66,49.9,0.15,2.97,38.8,0.26,189.5,218.7,16.0,1.57,98.4
770,770,har gow,268,10.0,2.5,3.5,1.9,30.4,4.2,16.0,3.9,40.1,444.6,77.7,10.01,0.18,1.02,0.05,0.43,3.67,0.47,0.43,11.83,0.0,1.08,239.41,60.6,0.14,2.59,54.9,0.2,181.1,239.4,15.7,1.69,101.9
771,771,baozi,274,10.2,2.5,3.4,2.0,30.3,4.0,17.0,4.1,37.8,460.0,76.9,7.93,0.21,1.09,0.05,0.52,4.53,0.55,0.48,11.19,0.0,0.91,209.32,49.2,0.16,2.92,55.2,0.21,198.3,209.3,18.1,2.1,100.7
772,772,char siu bao,295,10.5,2.5,3.6,2.0,34.2,3.9,15.7,4.3,42.3,449.3,76.5,10.48,0.23,1.06,0.05,0.51,3.95,0.62,0.46,11.04,0.0,1.04,219.47,44.4,0.16,2.74,52.9,0.28,167.0,219.5,15.0,1.53,101.1
773,773,spring rolls chinese,247,12.3,2.5,4.4,3.0,26.4,2.8,7.3,2.8,19.8,407.5,80.2,6.64,0.18,1.02,0.05,0.27,2.13,0.31,0.24,7.95,0.0,1.38,196.87,39.9,0.14,1.72,36.0,0.18,165.0,196.9,12.6,1.1,72.0
774,774,scallion pancake,250,5.8,1.5,2.0,1.6,40.3,2.1,8.3,2.8,10.6,319.8,84.3,7.35,0.24,1.18,0.05,0.28,2.76,0.33,0.32,7.98,0.0,0.75,160.19,36.9,0.1,1.96,38.1,0.23,161.7,160.2,10.4,1.26,71.8
775,775,jianbing,289,9.5,2.3,3.5,2.1,31.2,4.1,15.8,3.9,41.3,419.2,77.4,7.65,0.21,1.19,0.05,0.52,4.16,0.59,0.48,8.03,0.0,0.89,224.12,57.6,0.12,2.82,53.8,0.28,206.4,224.1,17.6,1.68,96.1
776,776,congee,276,9.7,2.7,3.5,1.9,33.1,4.0,15.9,4.0,37.3,468.3,77.7,7.69,0.24,1.14,0.05,0.46,4.12,0.57,0.53,10.25,0.0,1.23,268.15,46.7,0.16,2.92,55.1,0.25,166.9,268.1,20.7,1.69,102.3
777,777,century egg congee,288,9.4,2.6,3.3,2.0,33.2,3.8,24.2,3.8,70.3,459.6,74.1,9.86,0.18,0.93,1.85,0.65,5.18,0.75,0.77,10.61,2.83,1.15,193.44,78.8,0.12,2.77,53.8,0.25,260.7,193.4,22.0,2.08,111.4
778,778,hainanese chicken rice,378,11.6,2.8,4.4,2.6,51.8,3.1,23.0,2.9,91.7,585.5,70.1,6.92,0.26,0.95,1.81,0.62,5.15,0.66,0.7,6.29,0.0,1.4,182.12,61.2,0.11,2.1,54.3,0.2,224.2,182.1,27.4,1.99,97.6
779,779,tea egg,295,10.4,2.6,3.5,2.0,32.9,4.1,23.0,4.1,74.3,425.2,73.7,9.05,0.2,1.35,1.81,0.66,5.02,0.63,0.69,12.85,1.66,1.06,275.08,66.6,0.15,2.53,44.6,0.28,254.6,275.1,21.8,2.64,117.4
780,780,salt and pepper shrimp,269,9.6,2.4,3.5,2.0,31.7,4.0,22.8,3.9,73.6,433.6,75.2,7.8,0.22,1.23,1.8,0.65,4.77,0.7,0.7,8.48,0.0,1.25,240.88,61.3,0.11,2.89,53.7,0.22,230.8,240.9,24.2,2.1,110.1
781,781,salt and pepper tofu,292,10.4,2.3,3.6,2.0,30.5,4.2,15.3,4.1,39.6,453.8,76.9,9.57,0.19,0.94,0.05,0.44,4.02,0.46,0.46,13.2,0.0,1.07,228.29,42.6,0.13,2.87,47.3,0.21,216.4,228.3,17.7,1.75,102.1
782,782,kung pao shrimp,295,10.5,2.5,3.6,1.9,33.6,4.2,25.5,4.2,74.7,476.5,72.6,10.71,0.19,1.3,1.89,0.72,4.99,0.7,0.79,12.01,0.0,1.32,267.27,79.0,0.12,2.85,46.9,0.2,279.0,267.3,23.2,2.26,122.6
783,783,cashew chicken,287,10.0,2.6,3.7,2.0,32.7,4.2,24.6,4.0,74.7,466.2,73.6,9.92,0.23,1.3,1.86,0.79,5.73,0.79,0.71,10.07,0.0,1.19,228.97,76.8,0.13,2.77,50.1,0.25,264.4,229.0,28.2,2.2,115.0
784,784,moo shu pork,291,9.3,2.5,3.4,1.9,33.5,3.9,22.8,4.1,76.9,441.5,74.7,9.97,0.22,1.33,1.8,0.59,5.62,0.74,0.72,9.6,0.0,1.11,238.64,53.0,0.15,2.79,48.2,0.2,208.1,238.6,24.5,2.03,112.8
785,785,moo shu chicken,296,9.8,2.6,3.3,1.9,32.9,4.2,23.7,3.7,70.1,443.8,73.8,8.56,0.23,1.17,1.83,0.74,5.92,0.77,0.77,12.36,0.0,0.96,241.34,67.7,0.15,2.59,61.0,0.24,213.4,241.3,23.7,2.07,113.9
786,786,hot pot beef,270,9.6,2.6,3.5,2.0,32.6,4.2,24.6,3.9,71.4,473.7,74.4,7.16,0.24,1.11,1.86,0.62,5.68,0.75,0.64,10.58,0.0,1.0,191.11,62.7,0.16,3.1,64.5,0.23,219.4,191.1,27.7,2.56,110.5
787,787,hot pot seafood,289,10.2,2.3,3.4,1.9,31.1,4.1,16.6,3.9,40.5,453.7,76.5,8.07,0.19,0.95,0.05,0.55,3.88,0.59,0.55,12.58,0.0,1.2,253.21,47.6,0.16,2.85,55.6,0.23,213.1,253.2,16.1,1.59,103.8
788,788,ma po eggplant,296,9.4,2.3,3.3,2.1,32.4,3.8,23.8,3.8,69.8,477.8,74.0,9.63,0.21,0.9,1.83,0.68,6.05,0.69,0.74,9.18,1.47,1.22,248.3,59.0,0.15,2.82,47.2,0.27,256.6,248.3,23.3,2.07,113.7
789,789,braised tofu,291,9.9,2.5,3.6,2.0,33.4,3.8,15.2,4.1,40.1,440.5,77.3,10.66,0.23,1.04,0.05,0.45,3.95,0.49,0.47,8.25,0.0,1.02,197.97,41.8,0.16,3.0,38.7,0.23,193.6,198.0,19.1,1.63,96.5
790,790,stir fried bok choy,347,14.9,4.2,3.6,2.0,31.1,3.8,16.1,4.3,41.4,427.3,71.6,8.98,0.19,1.37,0.05,0.52,3.73,0.48,0.54,10.86,0.0,1.38,257.63,59.9,0.14,2.68,56.6,0.21,208.4,257.6,15.9,2.06,103.6
791,791,garlic chives eggs,277,10.0,2.6,3.4,1.9,32.7,4.2,24.9,3.8,79.5,429.3,73.8,7.32,0.21,1.08,1.87,0.71,5.81,0.66,0.77,8.8,2.65,0.92,283.08,78.8,0.12,2.8,57.1,0.25,265.8,283.1,20.0,2.29,116.3
792,792,mapo tofu rice,395,12.5,3.0,4.3,2.4,53.9,3.0,13.3,2.9,55.8,619.7,72.8,6.41,0.3,0.9,0.05,0.42,3.87,0.49,0.41,10.23,0.0,1.46,205.89,42.7,0.14,1.9,47.5,0.19,184.0,205.9,16.1,1.85,85.4
793,793,moon cake,237,9.6,5.3,2.6,0.8,35.8,25.1,4.7,0.9,21.3,120.4,83.5,2.94,0.25,0.83,0.05,0.17,1.97,0.24,0.2,4.5,0.0,0.94,118.13,30.1,0.11,1.19,23.1,0.11,117.2,118.1,7.5,0.94,47.7
794,794,tang yuan,265,10.3,2.4,3.6,1.9,32.0,4.2,15.0,3.9,40.4,479.5,77.9,8.25,0.22,1.04,0.05,0.52,3.32,0.58,0.46,9.0,0.0,0.95,187.68,47.6,0.16,2.16,54.7,0.25,163.0,187.7,15.4,1.58,91.2
795,795,sesame balls,275,10.3,2.4,3.6,2.0,31.4,4.0,16.7,4.1,42.8,462.4,76.9,8.31,0.23,1.21,0.05,0.54,4.31,0.53,0.59,13.49,0.0,1.06,214.15,59.2,0.14,2.29,46.4,0.28,217.9,214.1,16.9,2.11,100.9
796,796,egg tart chinese,269,9.8,2.3,3.4,2.0,32.2,4.0,25.1,3.9,78.9,431.0,74.2,9.52,0.19,0.98,1.88,0.66,5.91,0.71,0.82,9.84,2.28,1.05,207.41,67.8,0.14,2.74,52.3,0.22,236.0,207.4,28.7,2.69,113.3
797,797,red bean bun,279,10.0,2.3,3.5,2.0,30.9,4.2,16.3,4.2,40.6,432.3,77.1,10.25,0.19,1.02,0.05,0.56,3.86,0.57,0.48,11.33,0.0,1.04,206.41,58.8,0.13,2.31,58.5,0.2,178.8,206.4,17.8,1.97,99.9
798,798,pineapple bun,261,9.9,2.4,3.7,2.1,33.2,4.0,16.4,4.0,42.3,449.4,77.8,7.5,0.24,1.03,0.05,0.51,4.46,0.59,0.58,8.08,0.0,1.12,242.04,51.2,0.13,2.99,40.5,0.19,176.7,242.0,14.6,2.12,99.1
799,799,mango pudding chinese,233,8.6,5.0,2.4,0.8,40.0,31.3,5.0,1.0,20.5,122.9,84.2,3.25,0.22,0.87,0.05,0.23,2.04,0.25,0.24,15.72,0.0,0.85,145.04,31.8,0.1,1.18,27.3,0.13,115.0,145.0,8.1,1.06,59.6
800,800,grass jelly,293,9.8,2.4,3.6,1.9,30.0,3.9,15.4,3.8,41.2,440.6,77.2,7.8,0.23,1.0,0.05,0.5,4.31,0.58,0.53,11.08,0.0,1.13,195.05,42.2,0.15,2.84,43.5,0.22,206.7,195.1,17.0,1.53,95.4
801,801,soy milk,290,9.5,2.4,3.7,2.0,30.7,4.0,15.7,4.3,38.0,593.6,77.4,8.6,0.2,1.35,1.55,0.5,4.14,0.58,0.53,10.03,0.59,1.18,239.6,118.7,0.12,3.08,52.0,0.24,165.2,239.6,14.5,1.84,101.5
802,802,sushi salmon roll,235,13.6,2.4,4.7,2.9,27.4,2.9,14.1,3.1,58.4,418.6,77.0,5.91,0.18,1.1,0.05,0.44,3.16,0.55,0.51,9.73,1.79,1.17,208.64,56.8,0.15,2.05,46.5,0.24,193.6,208.6,19.3,1.59,87.2
803,803,tuna roll,245,13.8,2.6,4.6,2.8,26.5,3.1,14.8,2.9,57.8,408.6,76.3,6.1,0.2,0.87,0.05,0.42,3.63,0.56,0.46,8.33,0.0,1.38,204.3,53.9,0.11,1.89,38.0,0.18,219.6,204.3,18.2,1.81,86.1
804,804,california roll,241,13.7,2.5,4.8,2.8,25.3,3.1,6.7,3.2,20.0,407.0,79.7,7.87,0.17,1.02,0.05,0.26,1.95,0.33,0.26,7.36,0.0,1.54,205.12,37.4,0.15,1.91,31.4,0.18,144.2,205.1,8.6,1.01,73.9
805,805,spicy tuna roll,250,12.5,2.5,4.3,3.0,26.0,3.0,14.1,2.9,52.8,427.6,77.3,7.75,0.16,0.84,0.05,0.39,3.55,0.5,0.38,9.04,0.0,1.17,161.53,50.5,0.14,2.09,35.9,0.18,179.3,161.5,19.5,1.44,83.8
806,806,salmon nigiri,291,9.8,2.6,3.4,2.0,32.5,4.2,24.8,3.9,73.4,422.0,73.5,8.94,0.21,1.09,0.05,0.68,5.04,0.84,0.67,11.12,2.93,0.96,267.42,74.9,0.15,2.61,45.0,0.26,222.2,267.4,25.3,2.14,117.8
807,807,tuna nigiri,263,9.6,2.5,3.3,1.9,30.0,4.1,22.7,3.9,73.7,424.8,75.4,7.91,0.18,0.93,0.05,0.65,5.15,0.69,0.61,8.03,0.0,1.1,208.66,71.4,0.16,2.86,52.9,0.26,244.9,208.7,26.3,2.11,106.6
808,808,ebi nigiri,283,10.2,2.4,3.7,2.0,30.9,3.9,14.9,4.1,40.5,437.8,77.5,8.99,0.2,0.93,0.05,0.39,3.27,0.48,0.5,12.66,0.0,1.32,239.7,49.0,0.14,2.44,45.1,0.27,206.7,239.7,19.2,1.65,100.4
809,809,unagi don,267,9.9,2.5,3.3,1.9,33.3,4.1,16.3,4.2,38.9,434.9,77.6,8.59,0.22,0.97,0.05,0.47,3.74,0.61,0.52,10.91,0.0,1.1,194.91,51.4,0.15,2.36,53.8,0.25,192.5,194.9,17.5,1.89,97.3
810,810,chirashi sushi,276,9.5,2.5,3.7,2.1,31.7,3.8,14.9,3.9,38.4,424.7,78.2,8.82,0.23,1.1,0.05,0.42,4.23,0.47,0.42,11.63,0.0,1.25,219.99,45.7,0.13,2.22,42.8,0.23,181.9,220.0,14.9,1.6,96.6
811,811,sashimi salmon,272,10.3,2.4,3.5,2.1,32.8,3.8,24.6,3.9,72.9,432.8,73.9,9.03,0.24,1.22,0.05,0.63,6.11,0.71,0.61,9.32,1.39,1.13,214.1,71.7,0.16,3.15,48.1,0.24,268.7,214.1,20.0,2.45,113.2
812,812,sashimi tuna,279,10.1,2.5,3.5,1.9,33.5,4.1,24.3,3.8,79.7,467.6,73.9,9.2,0.24,0.93,0.05,0.72,5.34,0.66,0.67,8.97,0.0,0.92,202.02,56.2,0.15,2.9,55.2,0.19,242.3,202.0,21.1,2.38,110.5
813,813,yakitori chicken,341,15.9,5.0,6.0,2.5,8.5,2.0,40.3,1.0,131.9,496.4,61.4,3.95,0.12,0.96,2.41,1.14,9.08,1.15,1.04,4.55,0.0,1.52,244.95,87.0,0.11,1.92,44.6,0.12,391.1,245.0,44.5,3.37,121.4
814,814,teriyaki chicken,289,10.1,2.5,3.3,2.1,34.1,4.0,24.0,4.1,76.9,478.8,73.7,9.66,0.21,1.01,1.84,0.78,4.84,0.66,0.72,13.6,0.0,1.05,214.05,76.6,0.15,3.04,45.9,0.25,252.0,214.1,28.2,2.38,116.3
815,815,teriyaki salmon,264,10.5,2.4,3.7,2.1,32.7,4.2,22.5,4.0,79.7,462.5,74.9,7.47,0.19,1.27,0.05,0.64,4.94,0.71,0.6,11.83,0.85,1.08,239.86,70.0,0.14,2.45,60.3,0.2,244.0,239.9,20.9,1.96,111.1
816,816,karaage,294,9.7,2.5,3.3,2.0,30.5,3.9,15.5,4.0,39.1,432.7,77.2,9.5,0.23,1.26,0.05,0.43,3.91,0.55,0.53,8.78,0.0,1.08,188.05,55.8,0.15,2.32,55.3,0.27,215.4,188.0,19.6,1.56,93.9
817,817,katsu chicken,284,10.3,2.4,3.7,1.9,33.1,4.3,25.5,3.9,74.9,445.0,73.1,7.47,0.24,1.25,1.89,0.82,5.94,0.77,0.64,11.53,0.0,1.07,201.46,64.2,0.12,3.06,59.6,0.24,239.9,201.5,24.3,2.69,113.8
818,818,tonkatsu,284,9.3,2.6,3.5,2.0,32.7,3.9,17.0,3.7,40.5,462.3,77.2,7.72,0.24,1.13,0.05,0.5,4.22,0.65,0.45,12.73,0.0,1.11,259.19,58.4,0.13,2.64,54.8,0.22,227.6,259.2,18.0,1.9,103.7
819,819,pork katsu curry,291,12.5,4.3,4.0,2.7,29.8,5.0,21.8,7.0,62.5,543.8,72.8,11.15,0.22,1.25,1.76,0.65,5.15,0.74,0.73,13.83,0.0,1.31,258.58,72.3,0.16,4.14,65.0,0.4,213.6,258.6,20.8,2.5,130.6
820,820,chicken katsu curry,292,13.1,4.1,3.9,2.4,29.1,5.3,24.2,6.8,66.5,573.2,71.4,11.67,0.18,1.51,1.85,0.74,4.56,0.78,0.69,15.65,0.0,1.49,303.44,73.0,0.18,3.95,81.3,0.33,234.3,303.4,25.1,2.11,138.9
821,821,gyudon,280,9.6,2.5,3.6,2.1,31.9,3.9,16.7,3.8,41.9,480.9,77.3,9.08,0.22,1.11,0.05,0.55,3.88,0.5,0.58,11.8,0.0,0.87,262.32,51.0,0.14,2.3,48.8,0.28,171.8,262.3,16.5,1.81,103.2
822,822,oyakodon,275,10.1,2.7,3.5,1.9,30.5,3.9,15.4,3.9,40.4,424.4,77.6,7.18,0.22,1.24,0.05,0.42,3.97,0.59,0.53,12.17,0.0,1.02,201.25,53.5,0.12,2.18,45.6,0.21,206.8,201.3,15.2,1.94,95.0
823,823,katsudon,287,10.1,2.4,3.4,1.9,31.4,4.2,16.5,3.9,42.3,434.5,76.8,7.08,0.2,1.25,0.05,0.54,3.59,0.52,0.52,10.03,0.0,1.16,210.2,49.5,0.11,2.41,44.8,0.27,203.9,210.2,21.7,2.05,96.4
824,824,tendon,285,10.6,2.6,3.7,2.0,33.7,4.2,16.8,4.2,38.6,445.4,76.4,10.63,0.24,1.1,0.05,0.47,3.8,0.5,0.58,10.72,0.0,0.93,195.88,60.0,0.14,2.29,54.6,0.28,192.2,195.9,18.5,1.85,99.7
825,825,tempura shrimp,350,16.0,4.1,3.6,2.0,31.5,4.3,23.8,4.0,76.2,434.8,67.6,7.17,0.22,1.1,1.83,0.75,5.5,0.83,0.77,10.55,0.0,1.2,268.9,70.8,0.16,2.46,64.3,0.21,256.4,268.9,28.3,2.67,114.4
826,826,tempura vegetables,328,14.7,4.0,3.9,2.0,31.2,4.1,16.0,6.2,39.6,419.8,72.4,10.5,0.2,1.19,0.05,0.49,4.14,0.5,0.47,21.87,0.0,1.64,244.91,54.9,0.17,3.38,47.4,0.38,231.5,244.9,20.7,1.9,120.8
827,827,udon soup,239,6.9,2.1,2.3,1.4,24.5,2.8,17.8,3.1,43.5,620.7,80.1,7.46,0.15,1.19,0.05,0.53,3.78,0.56,0.54,7.95,0.0,0.74,205.33,45.7,0.14,2.58,45.4,0.24,230.5,205.3,16.7,1.87,94.3
828,828,kitsune udon,293,10.0,2.6,3.6,2.1,30.9,4.1,16.2,4.1,39.5,453.7,76.8,7.42,0.2,1.05,0.05,0.46,3.35,0.61,0.43,8.78,0.0,1.22,208.23,54.0,0.15,2.32,54.6,0.26,167.6,208.2,20.9,2.03,95.4
829,829,beef udon,266,10.5,2.6,3.5,2.0,33.2,3.7,23.0,3.9,71.3,478.1,74.5,9.49,0.19,1.03,1.81,0.61,5.35,0.67,0.68,11.11,0.0,1.24,228.95,59.0,0.14,2.89,45.6,0.21,235.0,229.0,23.2,2.55,112.8
830,830,soba noodles,412,12.9,3.4,4.7,2.5,46.5,3.9,17.9,3.0,51.2,759.3,70.1,6.73,0.3,1.01,0.05,0.5,3.64,0.62,0.61,10.3,0.0,1.33,187.45,50.6,0.12,2.47,42.0,0.19,199.6,187.5,17.7,1.95,93.6
831,831,zaru soba,274,10.1,2.6,3.5,2.0,30.9,4.2,14.9,4.1,38.5,443.0,77.8,8.75,0.2,0.92,0.05,0.5,3.16,0.58,0.46,10.3,0.0,1.02,184.88,43.9,0.12,2.48,47.1,0.22,205.7,184.9,17.6,1.9,94.1
832,832,yakisoba,286,9.4,2.6,3.6,2.1,31.4,3.9,16.0,3.9,38.8,435.1,77.5,7.68,0.24,1.24,0.05,0.5,3.79,0.51,0.57,12.65,0.0,1.22,261.99,50.2,0.16,2.65,54.9,0.25,166.4,262.0,16.1,1.56,102.6
833,833,ramen shoyu,417,13.4,3.3,5.2,2.6,48.6,4.1,17.7,3.0,47.1,739.1,69.6,7.32,0.28,1.14,0.05,0.57,4.8,0.52,0.48,10.18,0.0,1.31,202.45,54.1,0.15,2.21,36.5,0.22,210.9,202.5,16.0,2.02,94.1
834,834,ramen miso,235,7.0,2.0,2.1,1.5,25.3,3.0,17.4,3.1,44.3,874.8,80.3,7.91,0.15,1.0,0.05,0.46,4.01,0.67,0.55,6.72,0.0,0.97,210.54,59.5,0.14,2.46,35.6,0.18,210.3,210.5,22.0,2.12,93.1
835,835,ramen tonkotsu,380,13.6,3.6,5.1,2.5,50.8,3.8,16.9,2.8,52.6,723.2,71.1,6.45,0.27,0.95,0.05,0.56,3.69,0.59,0.46,8.01,0.0,1.44,186.66,48.6,0.11,2.08,36.3,0.17,215.1,186.7,14.9,2.11,88.3
836,836,tsukemen,295,9.5,2.6,3.6,2.0,30.8,3.9,15.1,4.2,41.0,466.1,77.5,8.85,0.19,1.31,0.05,0.46,3.49,0.48,0.54,13.68,0.0,0.89,209.87,40.3,0.14,2.56,43.7,0.29,184.8,209.9,19.2,1.68,99.6
837,837,chawanmushi,298,10.6,2.6,3.4,1.9,30.3,4.0,15.6,4.2,41.7,422.1,76.4,9.44,0.19,1.31,0.05,0.51,3.33,0.49,0.56,13.96,0.0,1.06,230.48,58.2,0.17,2.35,47.8,0.27,176.1,230.5,20.6,1.58,102.3
838,838,miso soup,221,7.0,2.1,2.1,1.6,25.9,3.1,18.2,3.2,42.3,801.9,80.4,7.09,0.17,1.14,0.05,0.61,3.85,0.68,0.49,9.51,0.0,0.87,176.48,64.0,0.15,2.62,51.7,0.23,178.8,176.5,18.1,1.96,94.0
839,839,tonjiru,268,9.4,2.4,3.6,1.9,30.9,3.9,16.3,3.9,42.0,478.5,77.9,8.05,0.18,0.92,0.05,0.46,3.36,0.55,0.45,11.76,0.0,1.23,214.92,60.8,0.13,2.67,43.9,0.26,186.1,214.9,20.5,1.8,99.2
840,840,oden,290,9.7,2.7,3.4,2.1,33.1,3.8,16.2,3.8,42.5,472.5,77.1,8.79,0.2,0.91,0.05,0.46,3.43,0.57,0.54,8.3,0.0,1.05,243.2,56.5,0.13,2.64,50.5,0.2,170.7,243.2,20.4,1.95,98.6
841,841,nikujaga,281,9.5,2.6,3.3,2.1,31.6,3.8,16.7,4.2,38.1,423.8,77.3,10.35,0.2,1.2,0.05,0.45,4.35,0.63,0.53,10.65,0.0,0.92,236.05,56.3,0.14,2.94,53.7,0.27,170.1,236.1,15.7,2.04,104.3
842,842,curry rice japanese,316,13.8,4.1,4.0,2.6,30.2,5.0,15.4,6.7,28.0,596.1,73.6,14.19,0.23,1.21,0.05,0.44,3.77,0.48,0.53,17.13,0.0,1.56,272.09,47.8,0.17,3.19,65.9,0.27,210.8,272.1,20.3,1.86,122.3
843,843,japanese beef curry,319,12.4,4.1,4.0,2.3,29.5,4.9,21.5,7.3,68.0,541.4,72.1,13.92,0.19,1.27,1.75,0.61,4.8,0.75,0.67,18.99,0.0,1.16,281.41,51.0,0.22,4.04,81.6,0.37,221.7,281.4,23.9,2.01,139.0
844,844,okonomiyaki,264,9.8,2.5,3.4,2.1,30.7,4.0,16.1,4.2,39.7,473.9,77.9,8.65,0.22,1.33,0.05,0.5,4.28,0.48,0.49,13.92,0.0,1.05,200.44,61.1,0.16,2.3,41.0,0.21,209.5,200.4,17.0,2.06,100.0
845,845,takoyaki,279,10.1,2.6,3.5,2.1,33.1,4.1,15.4,3.7,39.0,466.4,77.5,9.11,0.24,1.11,0.05,0.51,4.06,0.57,0.49,12.5,0.0,1.14,194.61,52.5,0.15,2.31,51.6,0.25,218.8,194.6,16.9,1.81,95.8
846,846,onigiri salmon,283,10.5,2.7,3.5,1.9,30.0,4.0,24.8,3.8,77.4,449.6,73.3,9.48,0.19,1.11,0.05,0.7,5.97,0.78,0.78,12.07,1.46,1.22,205.32,80.4,0.13,2.88,57.3,0.25,277.6,205.3,28.8,2.59,114.2
847,847,onigiri tuna,296,10.4,2.4,3.4,1.9,30.7,4.0,24.0,3.9,75.4,437.3,73.3,10.18,0.2,1.29,0.05,0.71,5.33,0.78,0.68,9.67,0.0,1.15,224.88,61.8,0.13,2.62,55.4,0.22,214.0,224.9,21.3,2.7,113.0
848,848,onigiri ume,273,9.8,2.6,3.4,2.0,33.9,4.1,16.0,4.0,39.8,435.9,77.7,10.49,0.19,1.18,0.05,0.55,3.74,0.61,0.56,10.46,0.0,1.01,234.48,57.1,0.12,2.7,47.8,0.22,179.2,234.5,16.8,1.72,101.5
849,849,inari sushi,290,10.4,2.5,3.7,2.0,31.7,4.1,15.4,4.1,42.3,421.6,76.9,10.65,0.2,1.13,0.05,0.42,4.15,0.52,0.44,8.51,0.0,1.24,228.8,50.3,0.15,2.37,43.7,0.21,180.5,228.8,19.0,1.67,98.2
850,850,gyoza japanese,307,9.5,2.5,3.5,2.0,35.1,1.9,16.3,1.9,42.4,590.9,76.6,5.2,0.19,0.76,0.05,0.45,4.43,0.57,0.44,7.21,0.0,1.23,174.93,47.3,0.12,1.88,36.0,0.18,173.7,174.9,16.4,1.8,81.0
851,851,edamame,261,9.6,2.4,3.4,2.0,31.7,4.2,17.0,4.2,39.5,462.6,77.8,9.09,0.18,1.06,0.05,0.46,4.57,0.63,0.49,11.61,0.0,0.91,256.99,58.5,0.16,2.57,48.4,0.26,212.1,257.0,17.6,1.63,105.0
852,852,agedashi tofu,299,10.5,2.7,3.7,2.1,33.6,4.1,16.4,4.0,42.0,460.9,76.1,8.69,0.24,1.14,0.05,0.43,3.54,0.51,0.47,13.27,0.0,1.07,255.12,53.0,0.13,2.54,47.2,0.25,219.0,255.1,20.5,1.61,104.2
853,853,tofu steak,291,10.1,2.5,3.3,2.0,31.8,3.9,15.0,4.0,41.1,437.3,77.2,9.91,0.21,0.97,0.05,0.42,3.26,0.59,0.49,9.14,0.0,1.22,212.04,50.4,0.15,2.72,46.8,0.24,186.6,212.0,15.8,1.96,96.7
854,854,spinach goma ae,279,9.8,2.4,4.1,2.0,32.9,4.1,16.5,6.4,39.6,448.2,77.2,20.83,0.2,1.27,0.05,0.5,4.51,0.6,0.56,14.21,0.0,1.14,278.46,52.8,0.21,3.66,55.4,0.27,181.6,278.5,18.0,2.13,128.0
855,855,sunomono,286,9.5,2.7,3.6,2.0,33.6,4.1,16.3,3.9,40.9,470.1,77.3,9.12,0.23,1.1,0.05,0.44,4.45,0.55,0.51,9.99,0.0,0.9,210.94,55.6,0.15,2.55,39.7,0.24,218.6,210.9,15.9,1.93,97.7
856,856,wakame salad,105,5.3,0.8,1.9,1.5,12.1,4.2,3.1,4.2,5.2,419.2,91.6,9.43,0.14,1.07,0.05,0.16,1.63,0.22,0.16,13.37,0.0,0.83,224.18,27.6,0.12,2.12,33.2,0.22,116.9,224.2,7.9,0.9,79.3
857,857,potato salad japanese,107,5.0,0.8,1.9,1.6,12.9,4.1,2.9,4.3,5.1,419.4,91.8,10.4,0.14,1.03,0.05,0.14,1.55,0.24,0.18,14.21,0.0,0.8,228.94,30.3,0.14,2.56,31.5,0.25,97.4,228.9,6.1,0.79,82.3
858,858,tamago sando,274,10.2,2.6,3.3,1.9,33.1,4.2,15.9,4.2,38.7,420.6,77.3,9.23,0.23,0.99,0.05,0.48,3.65,0.48,0.56,9.24,0.0,1.23,242.79,58.3,0.13,2.69,54.2,0.25,192.7,242.8,16.7,1.65,100.6
859,859,katsu sando,277,10.7,2.5,3.6,2.0,32.1,3.9,16.0,4.0,37.9,452.4,76.9,7.95,0.18,0.99,0.05,0.52,4.25,0.59,0.52,8.46,0.0,1.0,254.88,60.5,0.13,2.58,44.0,0.25,193.2,254.9,20.8,1.72,99.0
860,860,melon pan,288,10.3,2.5,3.6,2.1,34.0,3.9,17.0,3.8,41.5,479.8,76.4,9.08,0.23,1.29,0.05,0.53,3.74,0.55,0.55,12.22,0.0,1.15,199.58,61.1,0.14,2.93,44.8,0.28,213.2,199.6,20.3,2.07,100.7
861,861,dorayaki,297,10.3,2.6,3.3,2.0,33.2,3.9,17.0,3.8,41.7,460.8,76.1,9.96,0.23,0.96,0.05,0.47,4.25,0.54,0.47,9.68,0.0,1.31,204.76,60.2,0.14,2.78,40.8,0.22,209.7,204.8,22.1,2.04,99.1
862,862,mochi,248,8.7,5.1,2.5,0.8,36.5,24.6,5.2,1.0,21.2,113.4,83.5,3.06,0.24,0.89,0.05,0.23,2.18,0.27,0.21,5.0,0.0,0.89,153.4,32.7,0.08,1.16,27.2,0.14,113.3,153.4,9.0,1.21,51.9
863,863,daifuku,277,9.7,2.4,3.6,1.9,32.0,3.8,15.7,3.8,37.4,423.2,77.7,9.0,0.19,0.99,0.05,0.44,3.33,0.48,0.45,8.64,0.0,0.96,179.89,45.2,0.14,2.81,44.6,0.21,217.6,179.9,18.1,2.07,93.6
864,864,dango,286,10.0,2.4,3.5,2.1,31.4,4.1,15.7,4.0,40.9,461.9,77.2,7.26,0.2,1.32,0.05,0.47,3.3,0.55,0.54,10.21,0.0,0.9,254.07,51.5,0.16,2.37,42.3,0.27,174.5,254.1,18.7,1.96,98.9
865,865,taiyaki,270,9.9,2.4,3.5,1.9,29.9,4.1,16.4,3.8,41.0,442.9,77.5,9.95,0.22,1.14,0.05,0.56,4.21,0.6,0.53,9.05,0.0,0.93,254.4,63.4,0.15,2.63,50.8,0.2,172.7,254.4,18.6,1.63,101.5
866,866,matcha pudding,246,9.1,5.1,2.5,0.7,36.8,31.2,4.9,1.0,20.3,122.3,83.5,3.49,0.2,1.01,0.05,0.23,1.82,0.23,0.2,3.96,0.0,1.14,172.32,30.4,0.09,1.21,21.6,0.11,141.4,172.3,8.0,1.13,52.4
867,867,castella,275,9.6,2.5,3.4,2.1,32.5,3.8,15.8,4.0,42.2,439.1,77.8,7.3,0.2,1.3,0.05,0.46,3.52,0.58,0.47,8.19,0.0,0.93,207.94,42.2,0.16,2.27,55.3,0.21,170.0,207.9,17.7,1.88,93.4
868,868,purin,288,10.1,2.3,3.4,2.1,33.6,4.0,16.0,4.0,42.0,462.6,76.9,7.71,0.2,1.12,0.05,0.54,4.33,0.52,0.44,13.0,0.0,1.19,207.84,43.5,0.13,2.63,42.6,0.25,199.3,207.8,15.9,1.76,98.9
869,869,matcha ice cream,242,14.5,7.0,2.6,0.8,39.9,24.8,4.7,1.0,38.5,117.1,79.9,4.34,0.26,1.03,0.05,0.22,1.82,0.28,0.24,4.88,0.0,1.45,160.36,26.3,0.08,1.14,24.4,0.13,150.7,160.4,8.2,1.11,52.5
870,870,yaki imo,280,10.7,2.7,3.4,2.1,31.1,3.9,16.1,3.7,38.9,473.5,76.8,8.16,0.22,1.25,0.05,0.49,4.47,0.53,0.56,12.0,0.0,0.99,246.13,54.1,0.16,2.81,44.0,0.24,220.9,246.1,17.2,1.62,101.3
871,871,anpan,265,10.0,2.7,3.5,1.9,31.8,3.9,16.5,4.0,39.8,450.7,77.6,9.73,0.19,1.07,0.05,0.5,3.73,0.54,0.58,11.66,0.0,1.21,255.02,55.4,0.13,2.74,48.6,0.22,194.3,255.0,17.4,1.91,104.3
872,872,bibimbap,284,10.6,2.7,3.6,2.0,30.7,3.8,15.8,4.0,37.4,466.9,76.8,8.64,0.2,1.1,0.05,0.49,3.81,0.59,0.45,11.21,0.0,1.28,239.32,45.9,0.14,2.36,52.5,0.27,192.7,239.3,14.7,2.05,99.9
873,873,dolsot bibimbap,290,10.7,2.4,3.5,2.0,30.6,4.2,15.8,4.3,40.9,429.1,76.5,8.14,0.19,1.23,0.05,0.51,3.33,0.49,0.51,13.82,0.0,1.03,272.57,57.5,0.16,3.0,55.5,0.29,188.9,272.6,15.9,1.66,106.6
874,874,bulgogi,360,16.8,4.9,5.7,2.4,8.0,2.0,36.4,1.0,94.3,500.4,61.7,3.34,0.12,0.72,0.05,1.07,8.36,0.98,1.02,4.92,0.0,1.41,212.69,103.1,0.09,1.82,58.2,0.14,358.0,212.7,27.4,2.92,111.5
875,875,beef bulgogi,333,16.6,4.8,6.3,2.4,8.5,2.0,46.0,1.1,132.5,521.1,58.9,3.78,0.13,1.05,2.61,1.25,9.66,1.28,1.21,4.73,0.0,1.22,193.5,132.1,0.08,2.15,47.4,0.14,435.8,193.5,49.6,4.39,127.5
876,876,pork bulgogi,343,18.1,5.3,6.4,2.6,8.2,2.0,42.8,1.0,134.7,529.4,58.8,3.73,0.1,0.99,2.5,1.0,9.5,1.33,1.19,4.83,0.0,1.38,247.01,104.6,0.1,2.15,49.9,0.13,343.5,247.0,39.9,3.71,126.3
877,877,galbi,339,15.9,4.7,5.6,2.5,7.8,2.1,33.3,0.9,102.5,516.1,64.3,3.81,0.09,0.95,0.05,0.91,6.57,1.11,0.81,3.6,0.0,1.45,188.68,99.2,0.08,2.18,42.0,0.13,346.4,188.7,34.7,3.28,104.3
878,878,galbitang,333,16.8,5.1,6.0,2.4,8.4,1.9,36.1,0.9,100.5,518.7,62.7,3.3,0.11,1.03,0.05,0.89,6.4,1.2,1.0,4.05,0.0,1.75,195.3,81.7,0.1,2.12,47.1,0.15,366.1,195.3,40.3,2.89,109.4
879,879,samgyetang,266,10.0,2.4,3.6,2.0,32.9,4.1,15.9,3.8,37.4,425.2,77.8,8.19,0.22,1.25,0.05,0.48,3.44,0.57,0.48,10.67,0.0,0.9,215.35,44.7,0.15,2.41,41.7,0.25,223.0,215.3,14.2,1.69,96.6
880,880,dakgalbi,347,16.3,5.0,5.9,2.4,8.5,2.0,37.3,1.0,98.2,487.6,62.1,3.17,0.11,0.78,0.05,1.04,7.58,1.01,0.93,3.22,0.0,1.65,195.77,111.1,0.09,2.31,59.8,0.16,378.1,195.8,39.1,3.63,111.5
881,881,dak bulgogi,344,16.2,4.7,6.1,2.5,8.1,2.1,33.4,1.0,106.3,532.7,63.8,4.36,0.12,0.79,0.05,1.03,6.88,1.07,0.93,5.06,0.0,1.33,177.71,80.1,0.1,1.9,43.2,0.16,314.7,177.7,37.8,2.93,104.9
882,882,japchae,279,9.8,2.5,3.6,1.9,33.8,4.2,16.3,4.2,40.6,454.5,77.3,10.08,0.2,1.33,0.05,0.51,4.11,0.5,0.5,13.25,0.0,1.29,226.02,57.3,0.15,2.28,40.5,0.27,196.5,226.0,15.4,2.05,102.9
883,883,tteokbokki,276,10.3,2.7,3.7,1.9,30.9,3.8,15.0,4.0,40.6,421.8,77.6,9.62,0.22,1.01,0.05,0.5,4.22,0.59,0.5,8.81,0.0,1.0,261.7,42.2,0.14,2.8,44.8,0.28,176.5,261.7,15.8,1.78,99.9
884,884,tteokguk,291,10.5,2.5,3.5,1.9,32.5,3.8,17.1,4.1,42.7,435.7,76.1,9.98,0.19,1.16,0.05,0.53,4.48,0.66,0.55,9.97,0.0,1.09,183.62,58.3,0.16,2.88,40.8,0.23,225.7,183.6,16.2,1.86,99.1
885,885,kimchi jjigae,116,5.2,0.8,1.9,1.5,12.1,4.1,2.9,4.0,5.1,617.1,91.4,9.34,0.13,1.28,0.05,0.15,1.68,0.23,0.16,20.37,0.0,0.81,178.39,27.8,0.13,2.39,30.8,0.28,97.0,178.4,7.0,0.9,81.0
886,886,doenjang jjigae,266,10.3,2.3,3.5,2.1,33.4,3.9,16.2,4.1,38.9,433.1,77.5,9.18,0.22,1.03,0.05,0.54,4.19,0.58,0.56,12.54,0.0,1.2,189.33,51.7,0.15,2.5,42.4,0.27,216.8,189.3,15.9,1.57,98.5
887,887,sundubu jjigae,279,9.7,2.4,3.7,2.1,30.0,4.3,15.8,3.8,38.2,437.0,77.6,8.34,0.19,1.16,0.05,0.48,3.49,0.6,0.44,8.98,0.0,1.02,237.97,42.8,0.11,2.33,39.7,0.19,166.8,238.0,16.7,1.73,96.8
888,888,budae jjigae,281,10.0,2.6,3.7,1.9,34.2,3.7,15.2,4.2,41.8,461.0,77.5,10.81,0.21,0.94,0.05,0.47,3.35,0.58,0.53,9.21,0.0,0.98,247.51,41.1,0.14,2.67,50.0,0.28,209.8,247.5,19.8,1.98,101.1
889,889,soondubu stew,274,10.3,2.6,3.4,2.1,33.9,4.3,16.3,4.2,37.8,462.1,77.1,10.47,0.2,1.14,0.05,0.43,4.44,0.55,0.47,13.84,0.0,1.18,260.45,47.9,0.13,2.95,47.7,0.27,176.5,260.4,19.2,2.04,108.0
890,890,gimbap,286,10.5,2.6,3.4,1.9,33.7,3.7,15.9,3.8,37.4,428.2,76.7,7.77,0.22,1.05,0.05,0.52,4.05,0.53,0.49,12.21,0.0,1.05,185.12,55.7,0.13,2.82,46.6,0.25,201.7,185.1,14.7,1.69,96.0
891,891,tuna gimbap,290,10.3,2.6,3.6,2.0,31.9,4.0,24.0,3.8,76.0,420.9,73.5,9.43,0.23,1.17,0.05,0.66,4.91,0.76,0.68,10.35,0.0,1.21,248.01,56.8,0.15,2.6,51.4,0.24,280.9,248.0,25.8,2.3,114.2
892,892,bulgogi gimbap,363,17.6,5.0,5.7,2.5,8.0,1.9,37.2,1.0,95.2,465.1,60.7,3.96,0.11,0.94,0.05,1.14,7.21,0.97,0.94,3.65,0.0,1.51,204.45,95.0,0.1,2.22,40.5,0.14,292.7,204.5,34.0,3.69,112.8
893,893,mandu,311,10.1,2.7,3.4,2.0,34.2,1.9,16.1,2.0,47.5,560.5,76.1,5.32,0.22,1.13,0.05,0.47,3.92,0.54,0.48,7.51,0.0,1.04,211.88,43.9,0.11,1.81,30.9,0.18,214.3,211.9,15.8,1.72,84.0
894,894,kimchi mandu,117,4.7,0.7,1.8,1.5,13.2,3.8,3.1,3.8,5.0,638.8,91.6,8.21,0.14,0.98,0.05,0.17,1.65,0.23,0.16,22.15,0.0,0.66,192.98,26.8,0.12,2.39,41.4,0.2,101.0,193.0,6.4,1.01,82.3
895,895,kimchi fried rice,152,10.2,2.2,1.8,1.6,12.7,3.7,2.8,3.9,5.1,560.6,86.6,10.36,0.14,1.19,0.05,0.15,1.53,0.2,0.19,19.59,0.0,1.1,178.95,25.4,0.13,1.97,32.6,0.21,127.7,179.0,7.3,0.97,79.7
896,896,bokkeumbap,263,9.3,2.4,3.4,1.9,31.1,4.2,17.1,4.0,42.7,436.0,77.9,8.57,0.21,1.33,0.05,0.49,4.68,0.56,0.51,10.85,0.0,1.06,238.02,45.5,0.15,2.53,41.7,0.21,218.0,238.0,15.4,1.71,101.9
897,897,japchae rice,376,11.4,3.2,4.4,2.5,54.8,3.0,14.7,3.2,52.6,583.4,73.6,7.03,0.3,0.86,0.05,0.42,4.11,0.57,0.42,10.65,0.0,1.36,213.34,40.9,0.12,1.97,43.4,0.18,172.5,213.3,16.7,1.76,90.3
898,898,naengmyeon,291,10.0,2.5,3.5,2.0,30.6,3.8,15.2,3.9,39.0,453.3,77.2,9.78,0.22,1.03,0.05,0.41,3.34,0.58,0.45,10.96,0.0,0.99,180.71,48.2,0.15,2.36,46.1,0.23,179.7,180.7,20.2,1.94,94.6
899,899,bibim naengmyeon,295,10.6,2.3,3.3,2.1,32.6,4.2,16.9,4.2,40.6,434.2,76.0,9.34,0.18,0.94,0.05,0.47,4.57,0.62,0.58,11.53,0.0,1.25,243.22,60.7,0.16,2.77,54.0,0.28,195.4,243.2,19.3,2.11,104.5
